frame_index,frame_token,deadline_missed,frame_time_ms,thread_count,on_cpu_ms,runnable_wait_ms,top_thread,top_thread_score_ns
,,0,80648,1,0.0,0.0,,0
16,9421003,0,16.14,92,73.302,29.345,kworker/u16:18:7521,20480005
17,9421040,0,16.198,98,61.905,18.139,kworker/u16:18:7521,20600000
18,9421077,0,16.173,92,66.647,16.69,tracepilot:18002,18513866
19,9421114,0,16.157,94,54.172,22.61,tracepilot:18002,18047733
20,9421151,0,16.466,74,47.433,13.218,tracepilot:18002,18346668
21,9421176,0,16.294,74,48.276,13.151,tracepilot:18002,18300420
22,9421189,0,16.178,77,56.59,13.254,tracepilot:18002,18300928
23,9421202,0,16.355,85,60.116,27.196,tracepilot:18002,17955290
24,9421240,0,16.117,98,66.898,30.996,tracepilot:18002,18442753
25,9421278,0,16.22,95,71.969,25.877,tracepilot:18002,17853123
26,9421297,0,16.348,99,72.025,24.849,tracepilot:18002,18036354
27,9421353,0,16.311,89,61.879,22.447,tracepilot:18002,18410343
28,9421372,0,16.222,88,74.523,25.621,tracepilot:18002,18115630
29,9421409,0,16.127,92,75.682,33.513,tracepilot:18002,18385574
30,9421446,0,16.174,91,61.719,23.668,tracepilot:18002,18329606
31,9421483,0,16.092,85,74.838,18.411,tracepilot:18002,18189195
32,9421520,0,16.14,73,53.124,13.461,tracepilot:18002,18471588
33,9421545,0,16.148,84,75.594,32.321,tracepilot:18002,18119078
34,9421582,0,16.168,89,75.507,29.694,tracepilot:18002,18771012
35,9421619,0,16.144,94,73.093,32.756,tracepilot:18002,18299593
36,9421656,0,16.19,91,73.372,27.025,tracepilot:18002,18487858
37,9421693,0,16.139,85,82.298,32.817,tracepilot:18002,18279495
38,9421730,0,16.295,85,67.652,32.084,tracepilot:18002,18227061
39,9421767,0,16.167,85,48.72,21.271,tracepilot:18002,18318629
40,9421804,0,16.052,76,64.043,11.125,tracepilot:18002,18327220
41,9421841,0,16.207,71,65.526,15.377,tracepilot:18002,18464992
42,9421854,0,16.288,71,50.129,14.4,tracepilot:18002,18293227
43,9421867,0,16.243,81,59.92,21.46,tracepilot:18002,18145966
44,9421904,0,16.085,83,57.432,21.038,tracepilot:18002,18199298
45,9421941,0,16.193,79,54.724,19.331,tracepilot:18002,18231424
46,9421978,0,16.143,85,92.975,24.799,ActivityManager:1488,20608651
47,9422015,0,16.244,90,63.822,25.21,tracepilot:18002,18014152
48,9422052,0,16.244,82,52.782,19.692,tracepilot:18002,18244766
49,9422089,0,16.246,87,60.992,25.48,tracepilot:18002,18269503
50,9422126,0,16.22,84,51.039,24.158,tracepilot:18002,18244198
51,9422163,0,16.163,85,58.881,22.601,tracepilot:18002,18272175
52,9422200,0,16.11,97,75.663,26.983,tracepilot:18002,18207486
53,9422237,0,16.229,90,57.568,26.544,tracepilot:18002,18267333
54,9422274,0,16.241,87,58.969,24.141,tracepilot:18002,18409962
55,9422311,0,16.244,93,64.103,26.663,tracepilot:18002,18358019
56,9422348,0,16.176,89,58.055,35.756,tracepilot:18002,18350540
57,9422385,0,16.161,95,62.79,32.469,tracepilot:18002,18267755
58,9422422,0,16.17,105,83.982,40.796,tracepilot:18002,18046888
59,9422459,0,16.268,85,63.696,30.223,tracepilot:18002,18079130
60,9422496,0,16.335,92,60.263,30.857,tracepilot:18002,18870920
61,9422534,0,16.211,98,66.573,29.35,tracepilot:18002,18649440
62,9422553,0,16.262,93,77.73,29.684,tracepilot:18002,18832636
63,9422590,0,16.32,88,78.623,32.607,tracepilot:18002,18455884
64,9422627,0,16.194,95,74.279,31.199,tracepilot:18002,18404696
65,9422664,0,16.136,90,67.475,19.486,tracepilot:18002,18577209
66,9422701,0,16.147,80,70.14,10.069,tracepilot:18002,20600000
67,9422738,0,16.15,112,107.442,37.674,tracepilot:18002,20600000
68,9422793,0,16.209,100,109.584,40.57,tracepilot:18002,20623846
69,9422830,0,16.182,93,100.267,29.967,tracepilot:18002,20614452
70,9422849,0,16.2,98,100.428,31.674,tracepilot:18002,20621962
71,9422886,0,16.238,97,105.46,39.37,tracepilot:18002,20614117
72,9422941,0,16.183,108,115.474,33.901,tracepilot:18002,20600000
73,9422978,0,16.245,104,104.267,38.983,tracepilot:18002,20619231
74,9422997,0,16.145,93,83.624,36.544,tracepilot:18002,20605420
75,9423034,0,16.161,88,98.098,26.53,kswapd0:92,20626381
76,9423071,0,16.337,99,96.785,32.017,kswapd0:92,20615181
77,9423108,0,16.262,74,73.029,11.549,kswapd0:92,20600635
78,9423121,0,16.136,93,70.644,17.356,kswapd0:92,20600000
79,9423134,0,16.147,90,74.322,20.66,tracepilot:18002,18375327
80,9423147,0,16.133,67,40.932,11.856,tracepilot:18002,18560334
81,9423160,0,16.065,97,53.608,26.692,tracepilot:18002,17928201
82,9423185,0,16.159,89,51.388,22.16,tracepilot:18002,18640399
83,9423222,0,16.31,89,60.535,29.993,tracepilot:18002,18742847
84,9423259,0,16.167,93,67.169,27.957,tracepilot:18002,18267897
85,9423296,0,16.173,92,61.129,27.932,tracepilot:18002,18431628
86,9423333,0,16.182,89,62.081,30.882,tracepilot:18002,18413331
87,9423370,0,16.137,92,62.536,27.415,tracepilot:18002,18256005
88,9423407,0,16.386,89,65.017,29.869,tracepilot:18002,18104374
89,9423444,0,16.188,87,56.887,22.285,tracepilot:18002,18234726
90,9423481,0,16.17,82,52.999,22.875,tracepilot:18002,18534728
91,9423518,0,16.194,93,75.933,36.541,tracepilot:18002,18483320
92,9423555,0,16.166,90,53.361,23.306,tracepilot:18002,18402488
93,9423592,0,16.152,91,53.251,25.396,tracepilot:18002,18419205
94,9423629,0,16.209,98,59.157,26.508,tracepilot:18002,17924650
95,9423666,0,16.358,88,57.933,25.297,tracepilot:18002,18388963
96,9423704,0,16.205,96,75.376,29.485,tracepilot:18002,18204380
97,9423741,0,16.236,99,65.173,29.431,tracepilot:18002,18740161
98,9423778,0,16.257,89,60.164,18.469,tracepilot:18002,18134015
99,9423815,0,16.153,101,62.486,24.988,tracepilot:18002,17899081
100,9423853,0,16.185,102,56.876,18.691,tracepilot:18002,18669048
101,9423891,0,16.165,95,61.542,24.056,tracepilot:18002,18552668
102,9423910,0,16.277,91,76.781,23.368,tracepilot:18002,18312776
103,9423966,0,16.193,101,58.875,23.344,tracepilot:18002,18482093
104,9423985,0,16.248,77,72.5,15.736,tracepilot:18002,18448911
105,9424010,0,16.168,100,62.216,23.964,tracepilot:18002,18333199
106,9424023,0,16.23,87,66.114,25.911,tracepilot:18002,18647785
107,9424048,0,16.377,92,95.262,34.456,tracepilot:18002,18447628
108,9424085,0,16.194,102,75.332,33.424,tracepilot:18002,18326031
109,9424122,0,16.271,91,92.161,36.273,tracepilot:18002,18362051
110,9424159,0,16.227,92,99.622,36.195,traced_probes:1222,18525507
111,9424196,0,16.304,97,67.197,35.34,tracepilot:18002,19142293
112,9424233,0,16.131,101,67.309,30.231,tracepilot:18002,18314859
113,9424270,0,16.226,79,67.353,14.561,tracepilot:18002,18359640
114,9424283,0,16.176,96,60.184,22.524,tracepilot:18002,18797465
115,9424308,0,16.203,78,51.774,13.479,tracepilot:18002,18420925
116,9424333,0,16.271,75,70.992,17.173,tracepilot:18002,18387730
117,9424346,0,16.234,74,63.174,14.538,tracepilot:18002,18647644
118,9424359,0,16.126,94,64.349,24.609,tracepilot:18002,18246425
119,9424384,0,16.143,94,80.949,30.294,tracepilot:18002,18357400
120,9424421,0,16.123,84,59.406,27.801,tracepilot:18002,18420998
121,9424458,0,16.116,85,55.685,31.037,tracepilot:18002,18292041
122,9424495,0,16.099,89,72.007,26.385,tracepilot:18002,18277803
123,9424532,0,16.081,87,54.472,26.748,tracepilot:18002,18171737
124,9424569,0,16.25,87,78.65,32.908,tracepilot:18002,18354448
125,9424606,0,16.17,86,67.285,25.828,tracepilot:18002,18372661
126,9424643,0,16.079,81,54.057,22.755,tracepilot:18002,18236420
127,9424680,0,16.138,93,53.246,25.843,tracepilot:18002,18001706
128,9424717,0,16.23,92,74.544,22.714,tracepilot:18002,18397232
129,9424754,0,16.187,87,56.439,27.231,tracepilot:18002,17908329
130,9424791,0,16.223,105,57.65,32.723,tracepilot:18002,18427452
131,9424828,0,16.359,99,72.178,30.415,tracepilot:18002,18589584
132,9424865,0,16.2,89,58.562,24.206,tracepilot:18002,18252217
133,9424902,0,16.261,97,62.84,29.79,tracepilot:18002,18284819
134,9424939,0,16.359,93,66.201,24.264,tracepilot:18002,18840952
135,9424977,0,16.232,85,47.326,13.854,tracepilot:18002,18222614
136,9425015,0,16.3,79,47.803,13.886,tracepilot:18002,18253075
137,9425053,0,16.145,96,69.8,27.942,traced_probes:1222,19598454
138,9425060,0,16.203,91,79.074,31.504,tracepilot:18002,18281758
139,9425097,0,16.23,100,71.127,40.206,tracepilot:18002,19158046
140,9425134,0,16.352,91,76.099,32.363,tracepilot:18002,18609674
141,9425171,0,16.179,89,65.168,29.64,tracepilot:18002,18588937
142,9425208,0,16.167,79,55.466,21.554,tracepilot:18002,18435800
143,9425245,0,16.106,87,68.349,28.46,tracepilot:18002,17668474
144,9425282,0,16.205,92,74.491,31.756,tracepilot:18002,17850250
145,9425319,0,16.236,99,64.285,24.793,tracepilot:18002,18503482
146,9425356,0,16.176,94,67.306,31.102,tracepilot:18002,18559234
147,9425393,0,16.162,93,69.727,27.24,tracepilot:18002,18048908
148,9425430,0,16.2,86,61.023,25.788,tracepilot:18002,19014030
149,9425467,0,16.12,87,70.716,27.477,tracepilot:18002,18301114
150,9425504,0,16.181,89,66.797,28.788,tracepilot:18002,18277000
151,9425541,0,16.157,88,70.178,31.213,tracepilot:18002,18261920
152,9425578,0,16.234,86,66.405,22.713,tracepilot:18002,18307179
153,9425615,0,16.057,94,68.132,30.134,tracepilot:18002,18597793
154,9425652,0,16.143,94,80.744,33.107,tracepilot:18002,18249974
155,9425689,0,16.187,87,70.099,24.116,tracepilot:18002,17338120
156,9425726,0,16.297,99,72.747,30.501,kworker/u16:11:6879,17339057
157,9425763,0,16.152,84,48.663,22.555,tracepilot:18002,18545039
158,9425800,0,16.218,77,57.697,25.108,tracepilot:18002,18518466
159,9425837,0,16.16,91,67.912,31.536,tracepilot:18002,18146914
160,9425874,0,16.172,90,84.235,41.076,tracepilot:18002,18203719
161,9425911,0,16.217,90,74.657,33.609,tracepilot:18002,17866198
162,9425948,0,16.211,98,52.009,24.642,tracepilot:18002,18323654
163,9425985,0,16.173,80,44.148,22.718,tracepilot:18002,18289889
164,9426022,0,16.174,80,52.678,17.682,tracepilot:18002,18528687
165,9426059,0,16.078,77,43.817,18.85,tracepilot:18002,18504371
166,9426096,0,16.14,72,44.797,14.147,tracepilot:18002,18189056
167,9426121,0,16.276,68,46.979,16.38,tracepilot:18002,18493126
168,9426134,0,16.686,74,47.095,13.834,tracepilot:18002,18504849
169,9426147,0,16.132,78,38.621,14.001,tracepilot:18002,18304053
170,9426160,0,16.061,88,61.241,24.972,tracepilot:18002,18214820
171,9426197,0,15.996,87,47.554,18.162,tracepilot:18002,18529902
172,9426222,0,15.985,79,49.899,15.496,tracepilot:18002,18401606
173,9426235,0,16.18,96,75.019,35.196,tracepilot:18002,18296239
174,9426272,0,16.194,94,65.753,33.098,tracepilot:18002,18380316
175,9426310,0,16.083,92,63.929,31.165,tracepilot:18002,18393606
176,9426348,0,16.251,88,77.661,31.142,tracepilot:18002,17738994
177,9426367,0,16.181,92,94.259,33.747,tracepilot:18002,18467944
178,9426404,0,16.05,92,83.392,34.496,tracepilot:18002,18134948
179,9426441,0,16.133,96,84.817,34.661,tracepilot:18002,18396542
180,9426478,0,16.113,93,93.566,35.159,tracepilot:18002,17586427
181,9426515,0,16.256,91,88.032,31.017,tracepilot:18002,17577871
182,9426552,0,16.065,101,90.229,35.217,kworker/u16:11:6879,20483016
183,9426589,0,16.209,94,88.977,25.742,tracepilot:18002,15988441
184,9426626,0,16.192,93,68.462,37.053,tracepilot:18002,17905587
185,9426663,0,16.117,100,68.935,32.77,tracepilot:18002,18356800
186,9426700,0,16.171,94,64.61,33.72,tracepilot:18002,18448597
187,9426737,0,16.068,89,83.221,35.08,tracepilot:18002,18225385
188,9426774,0,16.267,99,74.628,32.032,tracepilot:18002,18392247
189,9426811,0,16.32,88,66.175,28.872,tracepilot:18002,18529775
190,9426848,0,16.164,83,54.015,25.743,tracepilot:18002,18699203
191,9426885,0,16.133,100,55.673,26.32,tracepilot:18002,18419370
192,9426922,0,16.143,82,68.396,22.722,tracepilot:18002,17863068
193,9426959,0,16.124,96,59.067,21.084,tracepilot:18002,18439278
194,9426996,0,16.2,87,60.337,13.428,tracepilot:18002,20632662
195,9427033,0,16.205,82,71.606,18.848,tracepilot:18002,20618394
196,9427070,0,16.211,85,50.615,20.368,tracepilot:18002,18275695
197,9427107,0,16.212,89,50.367,17.576,tracepilot:18002,18104228
198,9427144,0,16.299,81,46.873,19.145,tracepilot:18002,18187406
199,9427181,0,16.17,85,48.055,14.99,tracepilot:18002,18379571
200,9427218,0,16.121,97,59.948,23.264,tracepilot:18002,18308164
201,9427255,0,16.192,86,53.769,20.406,tracepilot:18002,18432636
202,9427292,0,16.153,82,42.562,16.823,tracepilot:18002,18458971
203,9427329,0,16.192,87,53.845,25.356,tracepilot:18002,18573712
204,9427366,0,16.145,77,53.108,22.777,tracepilot:18002,18374541
205,9427403,0,16.185,83,55.065,25.423,tracepilot:18002,18590194
206,9427440,0,16.106,81,50.402,15.955,tracepilot:18002,18262333
207,9427477,0,16.126,82,62.224,18.325,tracepilot:18002,18418759
208,9427514,0,16.086,79,44.207,19.337,tracepilot:18002,18291561
209,9427551,0,16.147,82,43.924,13.991,tracepilot:18002,18270939
210,9427588,0,16.079,92,63.203,17.837,tracepilot:18002,18335562
211,9427625,0,16.185,90,79.037,27.758,tracepilot:18002,18546021
212,9427662,0,16.116,88,53.46,17.006,tracepilot:18002,17915673
213,9427699,0,16.186,81,48.229,13.035,tracepilot:18002,17991806
214,9427736,0,16.145,69,42.311,11.415,tracepilot:18002,18316929
215,9427749,0,16.298,95,61.055,22.848,tracepilot:18002,18123462
216,9427787,0,16.114,78,55.01,13.516,tracepilot:18002,18419178
217,9427825,0,16.147,90,55.882,19.533,tracepilot:18002,18413253
218,9427851,0,16.265,91,62.392,22.835,tracepilot:18002,18783112
219,9427877,0,16.278,78,54.988,13.498,tracepilot:18002,18393463
220,9427915,0,16.265,91,60.308,16.295,tracepilot:18002,18493866
221,9427934,0,16.364,80,70.678,15.971,tracepilot:18002,18364840
222,9427971,0,16.188,91,85.218,25.865,tracepilot:18002,18330248
223,9428008,0,16.203,89,65.424,20.057,tracepilot:18002,18339263
224,9428045,0,16.292,82,61.058,22.043,tracepilot:18002,18573986
225,9428082,0,16.098,86,74.15,20.933,tracepilot:18002,18106647
226,9428119,0,16.128,85,55.961,14.099,tracepilot:18002,19533672
227,9428156,0,16.039,72,58.492,7.343,tracepilot:18002,20600000
228,9428181,0,16.311,89,84.745,16.626,tracepilot:18002,20600000
229,9428218,0,16.073,87,108.786,37.074,tracepilot:18002,20600000
230,9428255,0,16.125,90,128.208,53.313,tracepilot:18002,20600000
231,9428292,0,16.175,96,123.768,58.635,tracepilot:18002,20600000
232,9428329,0,16.243,109,112.192,42.203,tracepilot:18002,20600000
233,9428384,0,16.221,109,97.295,20.383,tracepilot:18002,20600000
234,9428403,0,16.189,91,108.099,22.973,tracepilot:18002,20600000
235,9428446,0,16.187,109,131.664,62.216,tracepilot:18002,20600000
236,9428453,0,16.187,82,103.875,17.251,tracepilot:18002,20600000
237,9428466,0,16.254,111,95.563,31.06,tracepilot:18002,20600000
238,9428479,0,16.069,99,86.421,19.683,tracepilot:18002,20441795
239,9428492,0,16.248,84,67.065,27.337,ReferenceQueueD:10047,20434839
240,9428505,0,16.233,126,103.243,52.998,tracepilot:18002,18070000
241,9428518,0,16.197,80,46.935,17.512,tracepilot:18002,18392257
242,9428531,0,16.153,96,72.656,26.046,tracepilot:18002,18594186
243,9428544,0,16.264,102,81.38,28.855,tracepilot:18002,18574133
244,9428569,0,16.205,94,62.514,21.814,tracepilot:18002,18467934
245,9428606,0,16.127,93,63.735,18.904,tracepilot:18002,18354782
246,9428643,0,16.206,89,58.084,18.092,tracepilot:18002,18208917
247,9428680,0,16.304,91,52.383,25.683,tracepilot:18002,18157041
248,9428717,0,16.227,88,60.785,27.627,tracepilot:18002,18113527
249,9428754,0,16.354,99,69.966,29.868,tracepilot:18002,18270323
250,9428791,0,16.374,99,72.73,32.851,tracepilot:18002,18529536
251,9428828,0,16.24,105,83.443,31.519,tracepilot:18002,17878375
252,9428865,0,16.427,108,74.925,28.988,tracepilot:18002,18441722
253,9428902,0,16.26,93,57.304,26.203,tracepilot:18002,18040259
254,9428940,0,16.188,105,58.863,29.856,tracepilot:18002,18612590
255,9428978,0,16.244,105,77.038,28.585,tracepilot:18002,18453787
256,9429016,0,16.252,104,69.24,37.376,tracepilot:18002,18374830
257,9429054,0,16.216,95,70.098,23.213,tracepilot:18002,18390692
258,9429073,0,16.278,100,74.382,27.408,tracepilot:18002,18508718
259,9429129,0,16.253,109,64.734,33.038,tracepilot:18002,18363741
260,9429148,0,16.348,107,96.648,48.121,tracepilot:18002,18455950
261,9429185,0,16.146,92,73.027,27.563,tracepilot:18002,18351426
262,9429222,0,16.204,104,80.642,41.584,tracepilot:18002,18623110
263,9429259,0,16.233,148,103.967,70.64,tracepilot:18002,18615220
264,9429297,0,16.199,86,84.142,27.791,BG Thread #1:10422,20424341
265,9429334,0,16.325,105,79.578,52.081,tracepilot:18002,18530171
266,9429371,0,16.239,99,71.007,30.637,tracepilot:18002,18538439
267,9429408,0,16.242,98,73.869,31.572,tracepilot:18002,18814876
268,9429445,0,16.274,106,76.541,37.059,tracepilot:18002,18333807
269,9429482,0,16.231,87,58.334,25.575,tracepilot:18002,18526927
270,9429519,0,16.132,107,82.618,29.364,tracepilot:18002,18568579
271,9429556,0,16.14,113,90.154,55.879,tracepilot:18002,18454406
272,9429593,0,16.157,109,63.997,28.608,tracepilot:18002,18714886
273,9429630,0,16.223,118,71.495,38.976,tracepilot:18002,18287961
274,9429667,0,16.152,96,80.089,49.633,tracepilot:18002,17758939
275,9429704,0,16.271,94,85.394,36.21,tracepilot:18002,18450598
276,9429741,0,16.191,84,51.403,23.169,tracepilot:18002,18416453
277,9429778,0,16.198,90,59.809,26.581,tracepilot:18002,18084838
278,9429815,0,16.17,94,59.003,29.107,tracepilot:18002,18592268
279,9429852,0,16.135,96,65.406,30.615,tracepilot:18002,18220684
280,9429889,0,16.205,93,61.46,24.319,tracepilot:18002,18326400
281,9429926,0,16.108,93,55.727,22.838,tracepilot:18002,18419497
282,9429963,0,16.084,94,63.007,23.042,tracepilot:18002,18556521
283,9430000,0,16.198,96,56.085,18.212,tracepilot:18002,18179355
284,9430037,0,16.226,92,63.404,24.0,tracepilot:18002,18274354
285,9430075,0,16.11,97,60.5,20.688,tracepilot:18002,18423198
286,9430113,0,16.215,97,63.742,29.164,tracepilot:18002,19043059
287,9430151,0,16.218,96,58.295,19.496,tracepilot:18002,17740095
288,9430189,0,16.127,104,95.122,42.633,kworker/u16:5:6873,20600000
289,9430227,0,16.144,98,70.128,34.237,tracepilot:18002,18366500
290,9430265,0,16.211,92,63.077,26.396,tracepilot:18002,18383118
291,9430303,0,16.227,93,61.259,18.629,tracepilot:18002,18463231
292,9430322,0,16.182,101,90.294,34.75,tracepilot:18002,18646149
293,9430359,0,16.172,97,73.635,31.095,tracepilot:18002,18729395
294,9430396,0,16.204,93,72.773,34.486,tracepilot:18002,18727042
295,9430433,0,16.219,91,88.017,25.255,tracepilot:18002,18676658
296,9430470,0,16.156,84,62.172,22.571,tracepilot:18002,18570341
297,9430507,0,16.067,86,79.842,32.316,tracepilot:18002,18774640
298,9430544,0,16.128,90,83.205,38.668,tracepilot:18002,18933976
299,9430581,0,16.178,100,68.207,32.837,tracepilot:18002,18505998
300,9430618,0,16.206,89,61.194,22.087,tracepilot:18002,17848784
301,9430655,0,16.162,91,75.546,27.724,tracepilot:18002,18099067
302,9430692,0,16.132,94,60.97,29.484,tracepilot:18002,18025786
303,9430729,0,16.109,110,67.151,40.869,tracepilot:18002,18390691
304,9430766,0,16.159,91,63.864,22.517,tracepilot:18002,18099044
305,9430803,0,16.205,89,42.428,16.54,tracepilot:18002,18559400
306,9430840,0,16.153,69,42.889,12.472,tracepilot:18002,18421607
307,9430877,0,16.217,80,52.654,16.08,tracepilot:18002,18678048
308,9430914,0,16.163,78,46.579,14.172,tracepilot:18002,18420394
309,9430951,0,16.131,85,51.399,16.447,tracepilot:18002,18456658
310,9430988,0,16.199,85,58.833,16.081,tracepilot:18002,18330488
311,9431025,0,16.165,82,47.187,18.836,tracepilot:18002,18320227
312,9431062,0,16.183,91,72.851,29.731,tracepilot:18002,18565241
313,9431099,0,16.192,87,72.009,26.831,tracepilot:18002,18176568
314,9431136,0,16.082,80,62.177,25.73,tracepilot:18002,17869271
315,9431173,0,16.333,94,71.222,36.898,tracepilot:18002,16094656
316,9431210,0,16.217,98,67.054,28.11,tracepilot:18002,18391958
317,9431247,0,16.179,94,56.455,30.128,tracepilot:18002,18467792
318,9431284,0,16.223,97,60.874,32.588,tracepilot:18002,18275140
319,9431321,0,16.223,97,70.896,31.977,tracepilot:18002,18255645
320,9431358,0,16.23,97,60.348,26.484,tracepilot:18002,18460629
321,9431395,0,16.328,97,59.528,27.659,tracepilot:18002,18528433
322,9431433,0,16.24,96,76.469,29.385,tracepilot:18002,17954452
323,9431470,0,16.286,91,60.405,20.319,tracepilot:18002,18164138
324,9431508,0,16.224,97,67.259,27.389,tracepilot:18002,18419692
325,9431546,0,16.203,91,72.072,26.549,tracepilot:18002,18254873
326,9431584,0,16.103,89,43.92,15.824,tracepilot:18002,18464086
327,9431622,0,16.23,114,71.589,26.934,tracepilot:18002,18178351
328,9431660,0,16.222,81,69.168,18.898,tracepilot:18002,18543796
329,9431674,0,16.152,73,44.655,14.309,tracepilot:18002,18428654
330,9431681,0,16.093,69,57.119,13.253,tracepilot:18002,18438196
331,9431694,0,16.201,76,69.698,15.537,tracepilot:18002,18634119
332,9431707,0,16.154,75,66.942,17.59,tracepilot:18002,18507743
333,9431720,0,16.173,76,52.739,14.032,tracepilot:18002,18312443
334,9431733,0,16.207,100,92.341,53.414,tracepilot:18002,16670938
335,9431770,0,16.283,96,74.753,40.802,tracepilot:18002,18888536
336,9431807,0,16.153,83,62.338,30.816,tracepilot:18002,18031200
337,9431844,0,16.197,86,87.612,37.09,tracepilot:18002,18168111
338,9431881,0,16.244,98,67.685,24.88,tracepilot:18002,18553282
339,9431918,0,16.092,89,94.202,40.749,kworker/u16:11:6879,20600000
340,9431955,0,16.102,93,82.998,26.083,kworker/u16:11:6879,20587345
341,9431992,0,16.102,95,60.87,23.863,tracepilot:18002,16418781
342,9432029,0,16.114,81,70.273,24.743,tracepilot:18002,18168805
343,9432066,0,16.228,100,73.124,31.207,tracepilot:18002,18708808
344,9432103,0,16.165,82,57.213,29.418,tracepilot:18002,18316974
345,9432140,0,16.161,84,66.547,33.496,tracepilot:18002,18331067
346,9432177,0,16.152,89,63.139,25.037,tracepilot:18002,18377766
347,9432214,0,16.085,88,49.469,24.287,tracepilot:18002,18619351
348,9432251,0,16.176,89,59.405,27.615,tracepilot:18002,18155979
349,9432288,0,16.018,157,120.218,107.671,tracepilot:18002,18655257
350,9432325,0,16.295,128,75.901,48.886,tracepilot:18002,19206140
351,9432362,0,16.119,88,47.708,19.557,tracepilot:18002,18056599
352,9432387,0,16.197,82,59.563,26.989,tracepilot:18002,18456317
353,9432400,0,16.236,107,66.111,37.59,tracepilot:18002,18566409
354,9432425,0,15.938,104,65.879,37.349,tracepilot:18002,18278170
355,9432462,0,16.127,104,59.176,36.08,tracepilot:18002,18197291
356,9432499,0,16.188,97,62.599,28.997,tracepilot:18002,17980952
357,9432524,0,16.315,90,64.622,27.994,tracepilot:18002,18374179
358,9432562,0,16.221,97,75.099,31.548,tracepilot:18002,18154903
359,9432600,0,16.167,95,60.927,26.823,tracepilot:18002,18367504
360,9432619,0,16.203,96,77.982,34.651,tracepilot:18002,16911499
361,9432656,0,16.188,96,86.0,32.506,tracepilot:18002,18619612
362,9432693,0,16.25,92,76.725,40.345,tracepilot:18002,18728903
363,9432730,0,16.204,93,77.49,36.552,tracepilot:18002,18353747
364,9432767,0,16.176,95,82.24,30.057,tracepilot:18002,18159008
365,9432804,0,16.099,94,85.105,30.905,tracepilot:18002,18824139
366,9432841,0,16.234,90,74.573,28.907,tracepilot:18002,18351168
367,9432878,0,16.177,90,68.393,26.1,tracepilot:18002,18294731
368,9432915,0,16.103,89,75.064,32.96,tracepilot:18002,18250665
369,9432952,0,16.235,97,62.678,28.831,tracepilot:18002,18150775
370,9432989,0,16.292,87,84.826,34.55,tracepilot:18002,17921749
371,9433026,0,16.266,90,83.4,35.327,tracepilot:18002,18625935
372,9433063,0,16.108,81,44.065,15.019,tracepilot:18002,18090982
373,9433100,0,16.106,72,36.622,15.242,tracepilot:18002,18552678
374,9433125,0,16.145,101,76.965,33.111,tracepilot:18002,18484448
375,9433162,0,16.169,89,46.098,17.658,tracepilot:18002,18576241
376,9433199,0,16.075,79,58.253,18.71,tracepilot:18002,18003880
377,9433224,0,16.109,93,53.067,21.375,tracepilot:18002,16682883
378,9433249,0,16.128,88,53.414,21.703,tracepilot:18002,18362258
379,9433286,0,16.186,96,48.733,24.84,tracepilot:18002,18385509
380,9433323,0,16.091,73,47.57,12.566,tracepilot:18002,18441041
381,9433348,0,16.13,77,37.521,16.239,tracepilot:18002,18394151
382,9433361,0,16.254,73,38.367,16.917,tracepilot:18002,18518076
383,9433386,0,16.195,86,56.202,34.48,tracepilot:18002,18151073
384,9433423,0,16.123,88,54.424,27.098,tracepilot:18002,18141959
385,9433460,0,16.099,70,45.894,12.017,tracepilot:18002,18320780
386,9433473,0,16.131,101,70.304,22.384,tracepilot:18002,18141334
387,9433486,0,16.182,97,56.351,27.941,tracepilot:18002,17822199
388,9433523,0,16.205,88,60.616,26.906,tracepilot:18002,18070078
389,9433560,0,16.227,95,59.416,23.015,tracepilot:18002,18107247
390,9433597,0,16.196,88,60.198,30.896,tracepilot:18002,18645227
391,9433634,0,16.268,94,63.598,27.007,tracepilot:18002,18425419
392,9433672,0,16.22,106,73.142,30.259,tracepilot:18002,18445323
393,9433709,0,16.329,94,65.041,25.396,tracepilot:18002,18043718
394,9433747,0,16.194,93,57.364,25.37,tracepilot:18002,18386868
395,9433784,0,16.227,92,64.854,26.517,tracepilot:18002,18073315
396,9433822,0,16.134,96,67.417,34.301,tracepilot:18002,17939678
397,9433841,0,16.2,86,80.681,35.838,tracepilot:18002,18392266
398,9433878,0,16.163,97,87.601,34.956,tracepilot:18002,18799603
399,9433915,0,16.261,91,74.058,33.234,tracepilot:18002,18661146
400,9433952,0,16.187,91,76.899,29.115,tracepilot:18002,18797151
401,9433989,0,16.115,86,87.924,29.402,tracepilot:18002,18456734
402,9434026,0,16.167,85,65.859,33.13,tracepilot:18002,18293823
403,9434063,0,16.124,86,55.811,25.709,tracepilot:18002,17813860
404,9434100,0,16.17,99,74.608,31.839,tracepilot:18002,18502341
405,9434137,0,16.192,96,73.386,34.18,tracepilot:18002,18105379
406,9434174,0,16.119,81,66.262,28.472,tracepilot:18002,18548853
407,9434211,0,16.166,87,67.469,26.173,tracepilot:18002,18441018
408,9434248,0,16.22,93,67.261,22.987,tracepilot:18002,18088344
409,9434285,0,16.194,85,53.52,19.581,tracepilot:18002,18664869
410,9434322,0,16.225,79,68.518,17.315,tracepilot:18002,18529782
411,9434359,0,16.202,72,47.654,13.615,tracepilot:18002,18492334
412,9434372,0,16.184,79,59.561,26.01,tracepilot:18002,18217453
413,9434409,0,16.159,87,63.8,29.128,tracepilot:18002,18207496
414,9434446,0,16.14,91,59.178,25.708,tracepilot:18002,18321615
415,9434483,0,16.106,99,78.116,36.025,tracepilot:18002,18240310
416,9434520,0,16.193,86,69.466,25.561,traced_probes:1222,17966552
417,9434557,0,16.192,81,51.283,22.645,tracepilot:18002,18351045
418,9434594,0,16.17,75,63.424,25.666,tracepilot:18002,18377868
419,9434631,0,16.084,99,82.557,44.218,kworker/u16:11:6879,19245303
420,9434668,0,16.238,83,53.295,25.006,tracepilot:18002,18308087
421,9434705,0,16.286,82,53.098,18.333,tracepilot:18002,18430622
422,9434742,0,16.125,80,60.402,16.832,tracepilot:18002,18415359
423,9434779,0,16.17,72,34.551,12.219,tracepilot:18002,18042349
424,9434804,0,16.08,67,55.642,15.495,tracepilot:18002,18244290
425,9434817,0,16.064,85,73.273,31.323,tracepilot:18002,18310740
426,9434830,0,16.34,74,55.566,10.574,Thread-57921:15807,20656465
427,9434843,0,16.217,72,56.326,10.21,Thread-57921:15807,20600000
428,9434856,0,16.263,78,80.83,17.246,Thread-57921:15807,20689829
429,9434869,0,16.181,73,38.069,12.655,tracepilot:18002,18385602
430,9434882,0,16.116,72,45.374,12.438,tracepilot:18002,18287568
431,9434895,0,16.101,98,82.772,30.01,tracepilot:18002,18264191
432,9434920,0,16.284,89,78.156,34.718,binder:1209_17:4164,19265789
433,9434957,0,16.016,94,82.382,30.964,binder:1209_17:4164,20219832
434,9434994,0,16.278,109,80.32,43.287,tracepilot:18002,18426110
435,9435013,0,16.161,100,80.458,26.934,tracepilot:18002,18422426
436,9435050,0,16.231,90,81.534,28.885,tracepilot:18002,18263983
437,9435087,0,16.238,96,71.022,29.571,tracepilot:18002,18148422
438,9435124,0,16.21,88,65.461,32.032,tracepilot:18002,18943374
439,9435161,0,16.194,89,75.979,36.618,tracepilot:18002,18265686
440,9435217,0,16.229,102,80.248,39.89,tracepilot:18002,18932495
441,9435236,0,16.231,104,67.18,37.561,tracepilot:18002,19115855
442,9435273,0,16.186,94,68.076,30.269,tracepilot:18002,19212627
443,9435310,0,16.248,100,67.443,31.288,tracepilot:18002,18615523
444,9435347,0,16.162,87,77.292,30.94,tracepilot:18002,18093293
445,9435384,0,16.269,93,81.242,35.981,tracepilot:18002,17785920
446,9435421,0,16.206,88,73.751,29.305,tracepilot:18002,18268507
447,9435458,0,16.365,88,64.588,32.09,tracepilot:18002,18425994
448,9435495,0,16.18,89,69.539,29.442,tracepilot:18002,18376064
449,9435532,0,16.179,92,65.628,26.164,tracepilot:18002,18432931
450,9435569,0,16.191,96,74.495,20.54,kswapd0:92,20612512
451,9435606,0,16.269,85,103.023,13.167,kswapd0:92,20615531
452,9435631,0,16.259,75,60.785,11.006,tracepilot:18002,18395197
453,9435656,0,16.127,81,57.836,15.03,tracepilot:18002,18493454
454,9435669,0,16.411,77,56.952,13.516,tracepilot:18002,18678541
455,9435706,0,16.141,92,58.4,16.68,tracepilot:18002,18167584
456,9435731,0,16.183,93,58.371,21.577,tracepilot:18002,18179194
457,9435768,0,16.172,73,55.143,16.06,tracepilot:18002,18310326
458,9435781,0,16.145,94,55.109,27.135,tracepilot:18002,18004670
459,9435818,0,15.985,82,42.754,14.334,tracepilot:18002,18396761
460,9435831,0,16.147,76,46.441,15.84,tracepilot:18002,18306085
461,9435844,0,16.149,87,67.931,29.019,tracepilot:18002,18261407
462,9435881,0,16.181,95,58.388,29.524,tracepilot:18002,18465173
463,9435918,0,16.094,94,62.865,30.471,tracepilot:18002,17826416
464,9435955,0,16.074,89,71.099,28.427,tracepilot:18002,18169630
465,9435992,0,16.302,102,60.877,33.036,tracepilot:18002,18291704
466,9436029,0,16.188,87,61.207,25.428,tracepilot:18002,18327206
467,9436066,0,16.182,90,60.311,26.073,tracepilot:18002,18183560
468,9436103,0,16.318,96,73.053,30.27,tracepilot:18002,18466904
469,9436141,0,16.186,91,61.008,29.73,tracepilot:18002,18194627
470,9436179,0,16.215,97,77.96,35.773,tracepilot:18002,18273706
471,9436217,0,16.207,92,64.117,33.416,tracepilot:18002,18575336
472,9436255,0,16.209,87,67.903,26.478,tracepilot:18002,18290505
473,9436274,0,16.306,110,82.664,48.75,tracepilot:18002,18387549
474,9436311,0,16.186,92,81.487,34.756,tracepilot:18002,18182147
475,9436348,0,16.195,104,92.795,31.97,tracepilot:18002,17017841
476,9436385,0,16.159,98,88.511,33.552,tracepilot:18002,16921451
477,9436422,0,16.267,87,77.679,42.061,tracepilot:18002,18558133
478,9436459,0,16.179,99,83.557,29.425,tracepilot:18002,17199315
479,9436496,0,16.222,106,75.356,29.507,tracepilot:18002,17986285
480,9436533,0,16.082,89,76.945,22.967,tracepilot:18002,18544009
481,9436570,0,16.039,71,56.908,11.655,tracepilot:18002,18280386
482,9436583,0,16.145,72,53.585,12.721,tracepilot:18002,18244857
483,9436596,0,16.098,94,62.363,24.681,tracepilot:18002,18519298
484,9436621,0,16.108,88,65.155,25.503,tracepilot:18002,18213382
485,9436658,0,16.105,100,83.251,34.78,tracepilot:18002,18054703
486,9436695,0,16.18,90,79.854,33.595,tracepilot:18002,18391352
487,9436732,0,16.179,94,61.688,28.886,tracepilot:18002,18279884
488,9436769,0,16.135,86,60.739,26.043,tracepilot:18002,18270744
489,9436806,0,16.011,94,62.564,27.74,tracepilot:18002,18511593
490,9436843,0,16.134,91,58.009,29.776,tracepilot:18002,18126602
491,9436880,0,16.177,92,55.815,26.404,tracepilot:18002,18304687
492,9436917,0,16.148,107,77.246,31.663,tracepilot:18002,18623241
493,9436954,0,16.254,124,80.499,33.01,kswapd0:92,20600000
494,9436991,0,16.176,108,71.912,36.274,tracepilot:18002,18665119
495,9437028,0,16.098,95,58.027,22.34,tracepilot:18002,18502308
496,9437065,0,16.162,98,58.477,22.023,tracepilot:18002,18117496
497,9437102,0,16.175,100,55.942,24.409,tracepilot:18002,18202353
498,9437139,0,16.221,78,55.45,14.855,tracepilot:18002,18466741
499,9437176,0,16.24,103,51.544,22.212,tracepilot:18002,18432022
500,9437201,0,16.297,94,64.902,35.638,tracepilot:18002,18486418
501,9437239,0,16.114,97,61.488,18.346,tracepilot:18002,18358798
502,9437277,0,16.168,100,56.48,21.214,tracepilot:18002,18474254
503,9437296,0,16.278,92,71.483,24.695,tracepilot:18002,18263957
504,9437333,0,16.282,82,62.689,16.726,tracepilot:18002,18561146
505,9437370,0,16.349,95,75.088,21.678,tracepilot:18002,18422021
506,9437407,0,16.276,75,63.781,16.203,tracepilot:18002,18456015
507,9437432,0,16.268,78,61.986,12.807,tracepilot:18002,18374289
508,9437445,0,16.18,91,61.164,29.913,tracepilot:18002,18435197
509,9437482,0,16.179,88,86.584,33.925,tracepilot:18002,18329590
510,9437519,0,16.159,89,74.775,36.022,tracepilot:18002,18491237
511,9437556,0,16.169,92,63.038,24.602,tracepilot:18002,17988350
512,9437593,0,16.003,82,68.982,26.472,tracepilot:18002,17813828
513,9437630,0,16.156,87,66.057,20.402,tracepilot:18002,18441042
514,9437667,0,16.153,84,48.333,19.968,tracepilot:18002,17488522
515,9437704,0,16.146,85,42.864,14.305,tracepilot:18002,18344144
516,9437741,0,16.143,85,61.207,17.064,tracepilot:18002,18336954
517,9437778,0,16.134,90,54.277,20.752,tracepilot:18002,18505673
518,9437815,0,16.108,80,54.332,13.718,tracepilot:18002,18344141
519,9437852,0,16.149,77,58.3,16.408,tracepilot:18002,18193999
520,9437877,0,16.195,86,56.988,16.692,tracepilot:18002,18536715
521,9437914,0,16.178,84,46.856,15.164,tracepilot:18002,18458660
522,9437951,0,16.162,93,66.266,22.281,tracepilot:18002,18337184
523,9437988,0,16.08,85,56.371,23.719,tracepilot:18002,18307876
524,9438025,0,16.213,83,43.686,17.291,tracepilot:18002,17942478
525,9438062,0,16.219,94,51.02,16.5,tracepilot:18002,18422901
526,9438099,0,16.15,103,55.891,25.962,tracepilot:18002,18424015
527,9438136,0,16.168,89,54.236,19.803,tracepilot:18002,18076141
528,9438173,0,16.176,73,46.709,12.922,tracepilot:18002,18445254
529,9438198,0,16.073,81,42.94,14.835,tracepilot:18002,18054990
530,9438211,0,16.198,69,51.304,14.487,tracepilot:18002,18302543
531,9438224,0,16.327,107,82.29,42.984,tracepilot:18002,18341514
532,9438262,0,16.266,80,47.57,13.181,tracepilot:18002,17904503
533,9438288,0,16.143,76,41.277,14.711,tracepilot:18002,18245789
534,9438302,0,16.101,110,80.903,27.957,tracepilot:18002,18351240
535,9438328,0,16.106,88,68.862,30.415,tracepilot:18002,18132055
536,9438347,0,16.152,99,76.964,31.604,tracepilot:18002,18232069
537,9438384,0,16.162,96,82.058,34.567,tracepilot:18002,18224844
538,9438421,0,16.234,92,78.588,32.265,tracepilot:18002,18601826
539,9438458,0,16.216,91,69.142,25.442,tracepilot:18002,18436454
540,9438495,0,16.154,93,79.801,31.434,tracepilot:18002,18355736
541,9438532,0,16.301,96,79.633,32.312,tracepilot:18002,18477982
542,9438569,0,16.158,95,76.216,33.889,tracepilot:18002,18565086
543,9438606,0,16.131,89,76.372,35.628,tracepilot:18002,18412453
544,9438643,0,16.171,84,76.306,33.862,tracepilot:18002,18308464
545,9438680,0,16.061,87,70.361,27.414,tracepilot:18002,18260684
546,9438717,0,16.083,88,55.485,23.724,tracepilot:18002,18345322
547,9438754,0,16.203,92,57.221,30.258,tracepilot:18002,18586581
548,9438791,0,16.173,87,51.933,25.088,tracepilot:18002,18442631
549,9438828,0,16.154,85,51.93,25.591,tracepilot:18002,18467690
550,9438865,0,16.25,85,56.97,23.21,tracepilot:18002,18060764
551,9438902,0,16.078,87,71.0,26.093,tracepilot:18002,18542273
552,9438939,0,16.124,82,64.667,25.978,tracepilot:18002,18346560
553,9438976,0,16.191,82,48.252,23.486,tracepilot:18002,18089550
554,9439013,0,16.134,82,50.793,19.286,tracepilot:18002,18244668
555,9439050,0,16.188,83,44.789,16.11,tracepilot:18002,18275716
556,9439087,0,16.185,89,58.957,22.131,tracepilot:18002,18587566
557,9439124,0,16.257,92,49.706,24.709,tracepilot:18002,16464118
558,9439161,0,16.184,96,52.036,24.165,tracepilot:18002,19057128
559,9439198,0,16.52,96,55.093,26.969,tracepilot:18002,18819465
560,9439236,0,16.197,94,63.394,22.175,tracepilot:18002,18137667
561,9439274,0,16.154,101,75.779,34.272,tracepilot:18002,18201829
562,9439312,0,16.275,104,89.274,38.385,kswapd0:92,20635235
563,9439350,0,16.292,101,78.513,29.185,kswapd0:92,20644497
564,9439387,0,16.337,104,89.25,39.745,kswapd0:92,20650294
565,9439425,0,16.161,92,53.902,17.568,tracepilot:18002,18502235
566,9439462,0,16.412,106,83.779,35.375,kworker/u16:11:6879,19636326
567,9439481,0,16.166,92,69.389,17.517,tracepilot:18002,16912367
568,9439537,0,16.23,78,58.79,13.889,tracepilot:18002,18321041
569,9439544,0,16.198,69,70.675,13.526,tracepilot:18002,18242034
570,9439557,0,16.189,87,66.896,21.871,tracepilot:18002,18789346
571,9439582,0,16.175,88,92.19,36.597,tracepilot:18002,18498788
572,9439619,0,16.187,85,77.032,30.401,tracepilot:18002,17852497
573,9439656,0,16.174,91,72.613,31.987,tracepilot:18002,18241949
574,9439693,0,16.096,88,86.694,30.847,tracepilot:18002,18419571
575,9439730,0,16.18,84,73.546,34.244,tracepilot:18002,18614298
576,9439767,0,16.097,85,70.35,22.044,tracepilot:18002,18282746
577,9439804,0,15.894,95,82.436,30.244,tracepilot:18002,18458425
578,9439841,0,16.127,89,56.551,21.736,tracepilot:18002,18496688
579,9439878,0,16.163,85,56.859,23.563,tracepilot:18002,18478251
580,9439915,0,16.133,87,70.067,26.086,tracepilot:18002,18354924
581,9439952,0,16.072,89,62.748,28.951,tracepilot:18002,18325701
582,9439989,0,16.105,85,51.903,22.397,tracepilot:18002,18003748
583,9440026,0,16.115,97,67.496,30.11,tracepilot:18002,19125186
584,9440063,0,16.272,87,51.91,22.695,tracepilot:18002,18721213
585,9440100,0,16.164,83,59.507,24.055,tracepilot:18002,18162066
586,9440137,0,16.129,89,64.636,23.94,tracepilot:18002,17810770
587,9440174,0,16.078,84,54.695,25.675,tracepilot:18002,18196018
588,9440211,0,16.255,73,57.151,22.668,tracepilot:18002,18234075
589,9440248,0,16.244,87,67.774,25.635,tracepilot:18002,17979139
590,9440285,0,16.177,86,43.124,15.967,tracepilot:18002,18576714
591,9440322,0,16.16,82,46.485,16.721,tracepilot:18002,18434916
592,9440359,0,16.154,102,94.875,41.65,kworker/u16:11:6879,20404145
593,9440396,0,16.286,99,64.467,22.993,tracepilot:18002,16817737
594,9440433,0,16.129,90,56.844,24.994,tracepilot:18002,18360868
595,9440470,0,16.281,91,58.01,22.388,tracepilot:18002,18238137
596,9440507,0,16.161,100,48.25,17.569,tracepilot:18002,18160103
597,9440532,0,16.336,72,39.917,14.203,tracepilot:18002,18362981
598,9440546,0,16.108,96,61.996,31.796,tracepilot:18002,18610207
599,9440572,0,16.202,92,65.206,20.513,tracepilot:18002,18277359
600,9440591,0,16.322,79,62.983,15.393,tracepilot:18002,18297371
601,9440628,0,16.134,90,85.994,25.335,tracepilot:18002,18492543
602,9440665,0,16.176,96,73.073,26.235,tracepilot:18002,18520129
603,9440702,0,16.186,86,70.099,18.009,tracepilot:18002,17904702
604,9440739,0,16.15,76,66.525,14.058,tracepilot:18002,18299392
605,9440752,0,16.149,74,62.858,15.646,tracepilot:18002,18070546
606,9440765,0,16.085,74,58.36,16.171,tracepilot:18002,18428172
607,9440778,0,16.166,72,57.94,13.034,tracepilot:18002,18455937
608,9440791,0,16.285,82,57.927,15.75,tracepilot:18002,18039982
609,9440828,0,16.231,71,59.296,13.469,tracepilot:18002,18355014
610,9440841,0,16.21,75,57.465,12.39,tracepilot:18002,18481961
611,9440854,0,16.163,72,57.823,16.452,tracepilot:18002,18347078
612,9440867,0,16.119,76,58.374,22.972,tracepilot:18002,18317154
613,9440880,0,16.132,71,55.946,14.37,tracepilot:18002,18398090
614,9440893,0,16.094,85,65.553,33.899,tracepilot:18002,18228549
615,9440930,0,16.122,100,81.395,32.758,tracepilot:18002,18334294
616,9440967,0,16.106,89,81.428,36.016,tracepilot:18002,18471173
617,9441004,0,16.175,91,67.324,35.362,tracepilot:18002,18363539
618,9441041,0,16.08,87,76.471,33.619,tracepilot:18002,18269262
619,9441078,0,16.261,84,77.134,30.464,tracepilot:18002,18878004
620,9441115,0,16.344,88,68.652,29.382,tracepilot:18002,16916950
621,9441152,0,16.174,93,64.814,27.26,tracepilot:18002,18191071
622,9441189,0,16.066,88,62.437,28.068,tracepilot:18002,18164429
623,9441226,0,16.15,97,81.877,32.222,kworker/u16:11:6879,18857635
624,9441264,0,16.172,90,67.268,24.862,tracepilot:18002,17420145
625,9441301,0,16.168,81,58.899,26.444,tracepilot:18002,18546074
626,9441338,0,16.128,80,59.136,24.351,tracepilot:18002,18297318
627,9441375,0,16.263,84,50.056,24.103,tracepilot:18002,18435255
628,9441412,0,16.215,90,63.892,22.951,tracepilot:18002,18111448
629,9441449,0,16.208,86,52.384,23.489,tracepilot:18002,18337214
630,9441486,0,16.151,96,55.432,26.423,tracepilot:18002,17774488
631,9441523,0,16.217,92,63.576,25.854,tracepilot:18002,18205614
632,9441560,0,16.19,105,60.171,25.506,tracepilot:18002,18179538
633,9441597,0,16.29,114,80.848,33.797,kswapd0:92,19549459
634,9441634,0,16.315,93,62.816,28.596,tracepilot:18002,19032309
635,9441672,0,16.138,95,65.882,31.536,tracepilot:18002,18406762
636,9441710,0,16.171,90,63.684,32.595,tracepilot:18002,18116970
637,9441729,0,16.265,100,81.789,33.646,tracepilot:18002,18324381
638,9441766,0,16.193,95,81.008,35.547,tracepilot:18002,18060895
639,9441803,0,16.195,92,76.098,28.466,tracepilot:18002,18544063
640,9441840,0,16.246,91,80.826,33.136,tracepilot:18002,18628472
641,9441896,0,16.3,103,71.955,32.093,tracepilot:18002,18427210
642,9441915,0,16.138,86,69.372,33.15,tracepilot:18002,18729316
643,9441952,0,16.213,91,89.549,31.99,tracepilot:18002,18008622
644,9441989,0,16.321,91,73.808,28.633,tracepilot:18002,18043078
645,9442026,0,16.17,87,54.544,24.787,tracepilot:18002,17759106
646,9442063,0,16.234,91,77.452,20.086,tracepilot:18002,17254316
647,9442100,0,16.119,97,70.572,24.799,tracepilot:18002,16554327
648,9442137,0,16.081,93,62.388,27.26,tracepilot:18002,18366987
649,9442174,0,16.191,86,57.092,20.899,tracepilot:18002,18321437
650,9442211,0,16.257,93,76.574,23.335,tracepilot:18002,18272928
651,9442248,0,16.12,96,49.026,15.723,tracepilot:18002,17960628
652,9442285,0,16.102,92,63.123,21.769,tracepilot:18002,18277043
653,9442322,0,16.183,82,47.239,14.955,tracepilot:18002,18209990
654,9442359,0,16.034,76,36.664,11.44,tracepilot:18002,18299197
655,9442372,0,16.091,71,39.529,13.181,tracepilot:18002,18515311
656,9442385,0,16.016,72,56.059,17.219,tracepilot:18002,18457194
657,9442398,0,16.01,89,76.154,28.656,tracepilot:18002,18166057
658,9442423,0,16.095,96,70.402,42.739,tracepilot:18002,18146969
659,9442460,0,16.099,92,71.36,32.456,tracepilot:18002,18244633
660,9442497,0,16.302,87,54.046,23.328,tracepilot:18002,18283652
661,9442534,0,16.187,99,57.356,29.085,tracepilot:18002,18397926
662,9442571,0,16.201,90,66.269,22.444,tracepilot:18002,17941593
663,9442608,0,16.167,85,54.815,25.712,tracepilot:18002,18468736
664,9442645,0,16.107,91,69.357,29.781,tracepilot:18002,18184303
665,9442682,0,16.155,93,72.215,26.195,tracepilot:18002,18542046
666,9442719,0,16.206,94,58.781,26.6,tracepilot:18002,18131049
667,9442756,0,16.271,79,42.382,18.752,tracepilot:18002,18464646
668,9442794,0,16.213,88,65.69,21.297,tracepilot:18002,18550128
669,9442831,0,16.339,89,52.886,20.528,tracepilot:18002,18406775
670,9442850,0,16.221,90,70.57,21.488,tracepilot:18002,18202669
671,9442887,0,16.389,96,87.398,23.539,tracepilot:18002,18325932
672,9442924,0,16.184,98,76.528,34.301,tracepilot:18002,18434931
673,9442961,0,16.122,91,67.767,27.844,tracepilot:18002,18071866
674,9442998,0,16.289,94,74.562,25.688,tracepilot:18002,19035080
675,9443035,0,16.148,83,75.779,30.299,tracepilot:18002,18378134
676,9443072,0,16.168,90,79.682,30.841,tracepilot:18002,17379356
677,9443109,0,16.359,96,91.827,40.516,kworker/u16:11:6879,20700146
678,9443146,0,16.215,97,82.837,32.311,tracepilot:18002,18936133
679,9443183,0,16.155,91,71.437,34.259,tracepilot:18002,18337089
680,9443220,0,16.097,96,67.011,25.705,tracepilot:18002,18391149
681,9443257,0,16.192,92,65.154,22.694,tracepilot:18002,17893054
682,9443294,0,16.134,87,65.445,22.054,tracepilot:18002,18156812
683,9443331,0,16.167,98,66.932,21.276,tracepilot:18002,18513951
684,9443368,0,16.162,89,59.593,19.204,tracepilot:18002,18195961
685,9443405,0,16.14,78,52.59,22.838,tracepilot:18002,18285372
686,9443442,0,16.12,89,66.189,31.059,tracepilot:18002,18146628
687,9443479,0,16.166,86,92.223,28.873,kswapd0:92,20613408
688,9443516,0,16.151,95,81.509,34.134,kswapd0:92,20600000
689,9443553,0,16.219,109,96.978,31.506,kswapd0:92,20636428
690,9443590,0,16.143,86,48.635,24.585,tracepilot:18002,18505867
691,9443627,0,16.105,81,54.154,23.398,tracepilot:18002,18413423
692,9443664,0,16.261,88,69.105,25.665,tracepilot:18002,18487147
693,9443701,0,16.214,97,71.839,27.84,kswapd0:92,20608980
694,9443738,0,16.151,82,58.86,32.972,tracepilot:18002,18295708
695,9443775,0,16.155,107,65.99,26.769,tracepilot:18002,18252406
696,9443812,0,16.163,98,63.608,28.355,tracepilot:18002,18369698
697,9443849,0,16.264,104,100.648,37.813,kswapd0:92,20457496
698,9443887,0,16.169,94,63.131,30.068,tracepilot:18002,18470620
699,9443925,0,16.197,97,70.998,29.075,tracepilot:18002,18524312
700,9443944,0,16.301,97,78.707,27.973,tracepilot:18002,18248258
701,9443981,0,16.098,94,83.619,28.465,tracepilot:18002,18678584
702,9444018,0,16.194,97,74.082,33.262,tracepilot:18002,18668518
703,9444055,0,16.16,92,89.333,32.337,tracepilot:18002,17975104
704,9444092,0,16.176,83,74.724,26.68,tracepilot:18002,18265480
705,9444129,0,16.239,95,69.932,30.093,tracepilot:18002,18761245
706,9444166,0,16.123,100,85.258,30.341,tracepilot:18002,16299011
707,9444203,0,16.107,88,74.395,47.35,tracepilot:18002,17885938
708,9444240,0,16.205,104,67.911,29.665,tracepilot:18002,18252803
709,9444277,0,16.116,102,77.942,31.532,tracepilot:18002,18923612
710,9444314,0,16.165,89,64.641,28.937,tracepilot:18002,18343890
711,9444351,0,16.301,94,81.38,33.709,tracepilot:18002,18166156
712,9444388,0,16.112,87,63.325,25.079,tracepilot:18002,18745264
713,9444425,0,16.16,93,84.378,41.556,tracepilot:18002,16989968
714,9444462,0,16.103,92,88.345,37.152,tracepilot:18002,18423059
715,9444499,0,16.139,86,70.916,26.977,tracepilot:18002,18132794
716,9444536,0,16.215,85,79.671,30.916,tracepilot:18002,18246578
717,9444573,0,16.116,88,86.403,31.074,tracepilot:18002,18230962
718,9444610,0,16.173,90,57.02,27.38,tracepilot:18002,18138170
719,9444647,0,16.245,86,47.282,21.479,tracepilot:18002,17303624
720,9444684,0,16.157,98,61.543,23.884,tracepilot:18002,18302234
721,9444721,0,16.224,79,38.522,14.188,tracepilot:18002,18568893
722,9444758,0,16.294,73,40.027,14.18,tracepilot:18002,18566108
723,9444783,0,16.212,72,54.874,14.16,tracepilot:18002,18257736
724,9444796,0,16.049,93,53.952,23.365,tracepilot:18002,18506289
725,9444821,0,16.277,88,56.437,27.947,tracepilot:18002,18346815
726,9444858,0,16.197,97,57.427,22.521,tracepilot:18002,18422870
727,9444883,0,16.281,92,63.979,31.165,tracepilot:18002,17995344
728,9444920,0,16.142,88,73.806,27.816,kworker/u16:11:6879,20382259
729,9444957,0,16.349,91,54.792,15.217,tracepilot:18002,17499323
730,9444982,0,16.145,80,78.526,33.372,kswapd0:92,20626793
731,9445037,0,16.167,92,86.404,24.973,kswapd0:92,20600000
732,9445074,0,16.257,97,78.0,22.654,kswapd0:92,20600000
733,9445111,0,16.245,86,74.88,13.372,kswapd0:92,20600000
734,9445148,0,16.303,99,75.559,20.669,kswapd0:92,20600000
735,9445173,0,16.238,99,80.592,24.956,kswapd0:92,20604172
736,9445210,0,16.19,110,58.634,20.365,tracepilot:18002,18580974
737,9445248,0,16.34,91,59.768,23.257,tracepilot:18002,18295481
738,9445286,0,16.093,98,64.868,29.884,tracepilot:18002,18400803
739,9445324,0,16.173,96,85.962,34.96,tracepilot:18002,18016101
740,9445343,0,16.206,93,92.799,39.974,tracepilot:18002,18362648
741,9445380,0,16.275,108,87.457,45.333,tracepilot:18002,17972860
742,9445417,0,16.089,86,78.936,33.798,tracepilot:18002,18505021
743,9445454,0,16.144,97,70.821,23.084,tracepilot:18002,18777846
744,9445491,0,16.191,77,63.83,17.113,tracepilot:18002,18481172
745,9445504,0,16.215,75,71.766,16.182,tracepilot:18002,18237742
746,9445517,0,16.193,70,53.888,14.784,tracepilot:18002,18452454
747,9445530,0,16.215,97,89.124,36.241,tracepilot:18002,17727066
748,9445555,0,16.148,97,89.385,38.483,kworker/u16:11:6879,20501913
749,9445592,0,16.304,88,79.186,33.185,tracepilot:18002,18470796
750,9445629,0,16.152,97,74.004,31.704,tracepilot:18002,18449472
751,9445666,0,16.118,87,65.572,25.313,tracepilot:18002,18019623
752,9445703,0,16.223,88,63.892,26.757,tracepilot:18002,18735089
753,9445740,0,16.2,90,56.018,24.621,tracepilot:18002,18505885
754,9445777,0,16.16,89,60.258,20.138,tracepilot:18002,18453824
755,9445814,0,16.136,83,56.076,26.177,tracepilot:18002,18340585
756,9445851,0,16.167,81,43.601,15.22,tracepilot:18002,17516999
757,9445888,0,16.088,73,42.27,12.041,tracepilot:18002,18397763
758,9445913,0,16.179,88,59.988,24.387,tracepilot:18002,18230348
759,9445950,0,16.151,89,56.151,26.911,tracepilot:18002,17880007
760,9445987,0,16.153,83,58.04,23.921,tracepilot:18002,18527911
761,9446024,0,16.168,91,53.465,25.425,tracepilot:18002,18644479
762,9446061,0,16.179,86,54.654,26.449,tracepilot:18002,18306713
763,9446098,0,16.197,84,45.309,21.235,tracepilot:18002,18436023
764,9446135,0,16.198,91,47.608,19.545,tracepilot:18002,18511130
765,9446172,0,16.099,92,58.799,21.159,tracepilot:18002,18284693
766,9446209,0,16.168,95,62.564,21.993,tracepilot:18002,18487399
767,9446246,0,16.229,98,55.836,25.948,tracepilot:18002,18450551
768,9446283,0,16.212,101,66.464,29.419,tracepilot:18002,16780362
769,9446321,0,16.161,90,61.565,26.432,tracepilot:18002,18693925
770,9446359,0,16.127,96,62.143,24.965,tracepilot:18002,17825663
771,9446397,0,16.126,98,72.852,34.662,tracepilot:18002,18444774
772,9446416,0,15.989,93,79.786,31.408,tracepilot:18002,17802832
773,9446453,0,16.164,99,109.432,47.83,traced_probes:1222,19972319
774,9446490,0,16.187,97,81.445,26.514,tracepilot:18002,18503954
775,9446527,0,16.193,88,96.098,32.182,kswapd0:92,20600000
776,9446564,0,16.128,104,98.707,35.914,kswapd0:92,20600000
777,9446601,0,16.142,95,82.679,34.037,kswapd0:92,20600000
778,9446638,0,16.214,93,86.902,28.447,kswapd0:92,20600000
779,9446675,0,16.102,103,105.443,37.928,kworker/u16:11:6879,20339523
780,9446712,0,16.203,89,74.007,25.537,tracepilot:18002,18248672
781,9446749,0,16.145,87,72.581,38.107,tracepilot:18002,18878002
782,9446786,0,16.138,93,91.554,37.151,traced_probes:1222,19552799
783,9446823,0,16.189,88,59.571,30.318,tracepilot:18002,18327740
784,9446860,0,16.232,86,61.197,27.823,tracepilot:18002,18238955
785,9446897,0,16.32,84,88.789,32.392,tracepilot:18002,18340080
786,9446934,0,16.155,94,81.049,26.823,tracepilot:18002,18420660
787,9446971,0,16.365,83,65.769,27.806,tracepilot:18002,18169585
788,9447008,0,16.142,88,70.0,28.16,tracepilot:18002,18523061
789,9447045,0,16.252,101,70.816,29.053,tracepilot:18002,18373131
790,9447082,0,16.129,85,60.652,28.921,tracepilot:18002,18446212
791,9447119,0,16.228,86,77.414,29.451,traced_probes:1222,18791808
792,9447156,0,16.15,89,63.828,27.208,tracepilot:18002,18327971
793,9447193,0,16.145,69,54.257,25.42,tracepilot:18002,18260751
794,9447230,0,16.195,93,58.792,27.613,tracepilot:18002,18004771
795,9447267,0,16.134,82,49.315,24.024,tracepilot:18002,18694569
796,9447304,0,16.124,88,52.632,26.686,tracepilot:18002,18384151
797,9447341,0,16.158,100,73.807,29.18,tracepilot:18002,17951227
798,9447378,0,16.152,100,55.491,29.052,tracepilot:18002,18233902
799,9447415,0,16.09,92,68.188,27.552,tracepilot:18002,18827174
800,9447452,0,16.072,105,71.835,32.47,tracepilot:18002,18447449
801,9447489,0,16.119,97,57.137,26.664,tracepilot:18002,18791695
802,9447526,0,16.12,91,67.491,26.111,tracepilot:18002,18065837
803,9447563,0,16.133,86,71.57,26.201,tracepilot:18002,18137267
804,9447600,0,16.134,99,65.259,29.531,tracepilot:18002,18131668
805,9447637,0,16.231,86,58.502,27.937,tracepilot:18002,18577182
806,9447675,0,16.168,102,73.244,39.319,tracepilot:18002,18569649
807,9447713,0,16.201,92,67.737,30.258,tracepilot:18002,18313334
808,9447751,0,16.136,99,68.294,27.772,tracepilot:18002,18270951
809,9447770,0,16.229,94,86.089,35.159,tracepilot:18002,18681972
810,9447807,0,16.266,97,79.092,27.69,tracepilot:18002,18489069
811,9447844,0,16.195,91,77.763,31.981,tracepilot:18002,18544855
812,9447881,0,16.203,86,66.471,20.647,tracepilot:18002,18115597
813,9447937,0,16.139,96,67.173,24.924,tracepilot:18002,18989500
814,9447956,0,16.243,92,75.206,30.382,tracepilot:18002,18610367
815,9447993,0,16.221,94,84.36,35.598,tracepilot:18002,18752563
816,9448030,0,16.056,85,69.961,30.26,tracepilot:18002,18543987
817,9448067,0,16.151,92,71.967,26.089,tracepilot:18002,18244067
818,9448104,0,16.219,93,97.437,34.912,kswapd0:92,20626646
819,9448141,0,16.246,103,91.767,38.536,kswapd0:92,20616029
820,9448178,0,16.187,102,82.249,34.803,kswapd0:92,18163920
821,9448215,0,16.185,89,76.334,29.343,tracepilot:18002,18454435
822,9448252,0,16.078,86,70.721,32.71,tracepilot:18002,18357021
823,9448289,0,16.186,88,48.355,17.524,tracepilot:18002,18604183
824,9448326,0,16.271,79,51.309,11.768,tracepilot:18002,18682234
825,9448363,0,16.212,71,51.443,16.328,tracepilot:18002,18393427
826,9448376,0,16.191,74,47.803,12.875,tracepilot:18002,18318200
827,9448413,0,16.158,88,93.614,20.009,tracepilot:18002,18549138
828,9448426,0,16.213,98,70.529,21.032,tracepilot:18002,18238576
829,9448451,0,16.209,87,54.888,23.284,tracepilot:18002,18494683
830,9448488,0,16.13,91,56.164,26.943,tracepilot:18002,18024544
831,9448525,0,16.228,83,72.209,23.09,kworker/u16:18:7521,20066386
832,9448562,0,16.193,94,51.8,20.223,tracepilot:18002,18219302
833,9448599,0,16.034,75,52.931,15.76,tracepilot:18002,18370051
834,9448636,0,16.197,78,40.463,13.125,tracepilot:18002,18371902
835,9448673,0,16.107,85,58.932,18.557,tracepilot:18002,18154290
836,9448686,0,16.142,76,54.398,14.058,tracepilot:18002,18505679
837,9448723,0,16.139,86,60.179,25.066,tracepilot:18002,18182331
838,9448761,0,16.009,77,39.812,14.182,tracepilot:18002,18382187
839,9448774,0,16.161,89,64.73,22.532,tracepilot:18002,18342315
840,9448799,0,16.139,77,45.109,13.588,tracepilot:18002,18247871
841,9448824,0,16.074,75,42.331,12.951,tracepilot:18002,18338670
842,9448837,0,16.252,78,65.687,21.383,tracepilot:18002,18514677
843,9448850,0,16.286,78,53.458,14.525,tracepilot:18002,18176311
844,9448864,0,16.117,80,62.831,25.476,tracepilot:18002,18133584
845,9448878,0,16.108,74,58.673,19.977,tracepilot:18002,18406304
846,9448892,0,16.306,76,45.895,14.54,tracepilot:18002,18248473
847,9448906,0,16.256,71,47.718,16.66,tracepilot:18002,18594557
848,9448919,0,16.218,74,52.15,15.481,tracepilot:18002,18221995
849,9448933,0,16.235,76,56.828,20.608,tracepilot:18002,18599427
850,9448947,0,16.097,77,48.443,12.769,tracepilot:18002,18522121
851,9448966,0,16.123,82,79.396,19.716,tracepilot:18002,18578237
852,9449003,0,16.137,78,75.85,16.631,tracepilot:18002,18442464
853,9449028,0,16.112,75,54.16,13.582,tracepilot:18002,16357349
854,9449041,0,16.156,74,64.161,17.644,tracepilot:18002,18331201
855,9449054,0,16.418,76,69.857,20.898,tracepilot:18002,18344514
856,9449067,0,16.192,80,60.341,15.584,tracepilot:18002,18399240
857,9449080,0,16.229,75,70.467,13.869,tracepilot:18002,18029641
858,9449093,0,16.216,82,77.161,16.095,tracepilot:18002,17919121
859,9449106,0,16.107,106,78.202,32.663,tracepilot:18002,19044713
860,9449120,1,54.031,113,287.256,71.423,kswapd0:92,58764825
861,9449132,0,16.19,85,95.886,22.116,kswapd0:92,20600000
862,9449139,0,16.151,78,104.927,23.476,kswapd0:92,20600000
863,9449159,0,16.167,78,78.637,18.721,kswapd0:92,20600000
864,9449172,0,16.212,70,80.972,17.247,kswapd0:92,20600000
865,9449185,0,16.119,78,93.257,16.239,kswapd0:92,20600000
866,9449198,0,16.054,83,77.698,19.377,kswapd0:92,20600000
867,9449211,0,16.187,89,63.708,16.885,tracepilot:18002,17721030
868,9449224,0,16.262,74,66.539,19.464,tracepilot:18002,18407557
869,9449237,0,16.131,77,62.396,16.525,tracepilot:18002,18565992
870,9449250,0,16.181,94,88.426,27.918,tracepilot:18002,18281673
871,9449275,0,16.218,80,58.036,16.105,tracepilot:18002,18324617
872,9449312,0,16.149,81,62.781,21.264,tracepilot:18002,18448066
873,9449337,0,16.254,76,70.02,21.357,tracepilot:18002,18701430
874,9449350,0,16.156,83,83.776,22.5,tracepilot:18002,18437078
875,9449387,0,16.159,81,71.093,21.73,tracepilot:18002,18344259
876,9449400,0,16.14,77,61.735,15.102,tracepilot:18002,18293980
877,9449413,0,16.136,77,74.291,20.588,tracepilot:18002,18493336
878,9449426,0,16.237,65,45.888,13.039,tracepilot:18002,18341833
879,9449439,0,15.842,66,45.025,11.444,tracepilot:18002,18338942
880,9449452,0,16.049,69,51.346,12.835,tracepilot:18002,18230421
881,9449465,0,16.11,80,54.919,13.028,tracepilot:18002,15447051
882,9449490,0,16.221,72,66.118,21.58,tracepilot:18002,18284712
883,9449503,0,16.089,90,65.114,25.468,tracepilot:18002,18368260
884,9449558,0,16.173,78,67.857,18.904,tracepilot:18002,18420121
885,9449577,0,16.059,70,67.025,13.845,tracepilot:18002,18225162
886,9449590,0,16.13,90,76.81,18.384,tracepilot:18002,18449764
887,9449603,0,15.948,94,81.117,22.418,tracepilot:18002,18619279
888,9449628,0,16.189,75,60.389,15.142,tracepilot:18002,18550196
889,9449665,0,16.149,94,95.572,28.833,kworker/u16:18:7521,20410506
890,9449690,0,16.189,105,103.624,24.528,tracepilot:18002,18132470
891,9449727,0,16.193,85,82.776,19.588,tracepilot:18002,18654482
892,9449752,0,16.231,94,91.911,27.57,tracepilot:18002,18205516
893,9449777,0,16.136,96,85.81,29.772,tracepilot:18002,18428653
894,9449814,0,16.18,92,97.292,47.467,CoreThread:15577,20020935
895,9449851,0,16.14,77,70.878,18.576,tracepilot:18002,18855301
896,9449864,0,16.171,97,88.384,44.763,tracepilot:18002,17905124
897,9449889,0,16.243,86,77.345,34.286,tracepilot:18002,18493170
898,9449926,0,16.19,89,87.147,34.611,tracepilot:18002,18251055
899,9449963,0,16.215,89,75.728,16.218,tracepilot:18002,18330423
900,9449988,0,16.235,86,82.07,34.821,tracepilot:18002,18650738
901,9450013,0,16.2,86,59.638,30.357,tracepilot:18002,18771500
902,9450050,0,16.197,88,77.435,27.49,tracepilot:18002,17982109
903,9450087,0,16.104,82,67.828,28.043,tracepilot:18002,18394831
904,9450124,0,16.035,98,97.983,33.111,tracepilot:18002,18555931
905,9450161,0,16.207,88,89.169,27.706,kswapd0:92,20600000
906,9450198,0,16.18,89,107.423,34.714,kswapd0:92,20600000
907,9450235,0,16.088,96,89.638,34.232,kswapd0:92,20600000
908,9450272,0,16.235,88,70.669,21.612,kswapd0:92,20610541
909,9450309,0,16.209,104,107.909,34.079,kswapd0:92,20615507
910,9450346,0,16.281,98,98.275,39.13,kswapd0:92,20637922
911,9450383,0,16.283,96,83.795,32.125,kswapd0:92,20641351
912,9450457,0,16.188,84,70.938,12.199,kswapd0:92,20600000
913,9450482,0,16.224,109,90.018,30.237,kswapd0:92,20608584
914,9450519,0,16.194,92,82.819,23.287,kswapd0:92,20601963
915,9450556,0,16.325,113,66.73,30.478,tracepilot:18002,18038091
916,9450581,0,16.218,96,50.618,20.052,tracepilot:18002,18158793
917,9450619,0,16.093,101,74.855,30.95,tracepilot:18002,18521166
918,9450657,0,16.208,98,70.751,28.605,tracepilot:18002,18519826
919,9450682,0,16.255,95,61.246,20.699,kswapd0:92,8429235
920,9450720,0,16.317,107,56.937,25.276,CoreThread:15577,17589378
921,9450758,0,16.177,106,70.244,38.237,tracepilot:18002,20580997
922,9451827,1,99.663,278,453.188,326.696,kswapd0:92,104049976
