tid,comm,pid,process_name,uid,cluster,on_cpu_ns,frame_count,running_slices
18002,tracepilot,18002,/data/local/tmp/tracepilot,0,big,11553845058,905,583043
1731,irq/438-fts,,,,big,2956029551,569,1705
1222,traced_probes,,,,little,2727587800,863,2928
15577,CoreThread,,,,little,2522332531,530,1056
15498,UnityMain,,,,middle,2477023929,524,1346
600,surfaceflinger,600,,,little,2472641924,800,1838
15551,UnityGfxDeviceW,15364,,,middle,2036023288,736,3306
15800,NativeThread,15364,,,little,1586183858,497,931
92,kswapd0,,,,big,1506227930,92,328
15498,UnityMain,,,,big,1232011259,362,974
1731,irq/438-fts,,,,middle,1210290417,358,683
1742,binder:1385_2,,,,little,1110407323,719,2278
1806,InputDispatcher,,,,little,1054476469,749,5214
15534,Job.worker 1,,,,little,999000193,662,4210
15533,Job.worker 0,,,,little,997893647,698,5534
653,HwBinder:602_1,602,,,little,997212493,750,759
15577,CoreThread,,,,middle,928275357,355,715
16801,AAudio_2,,,,little,896859705,907,8649
678,app,600,,,little,785310762,876,1534
2224,s.nexuslauncher,2224,,,little,776218823,776,2897
15551,UnityGfxDeviceW,15364,,,big,721539952,462,1698
15364,cent.tmgp.sgame,15364,,,little,677493300,647,1353
6879,kworker/u16:11,6879,kworker/u16:11,0,little,557039037,538,1343
1807,InputReader,,,,little,503786180,530,1409
15800,NativeThread,15364,,,middle,494190831,379,520
677,TimerDispatch,600,,,little,478345006,904,1709
1731,irq/438-fts,,,,little,455261031,93,238
1222,traced_probes,,,,middle,453332983,358,774
18002,tracepilot,18002,/data/local/tmp/tracepilot,0,middle,374847454,263,8636
1402,android.ui,,,,little,345825167,656,2457
16798,binder:981_5,,,,little,343913289,828,3453
1806,InputDispatcher,,,,middle,320709095,712,3283
548,sugov:0,,,,little,307726978,898,5055
15904,Thread-5268,,,,little,302591635,877,2659
16743,Thread-57623,,,,little,295746062,854,2743
2285,InputProcessor,,,,little,293493888,473,2063
707,BckgrndExec HP,600,,,little,278765219,876,1560
294,decon0_kthread,,,,little,264478920,903,1714
15573,Thread-72,15364,,,little,252224920,605,1100
16757,1,,,,little,246530736,261,350
1988,ndroid.systemui,1988,,,little,243355491,568,1209
15364,cent.tmgp.sgame,15364,,,big,242521608,706,1813
1982,android.hardwar,,,,little,238340788,453,1559
2224,s.nexuslauncher,2224,,,middle,236880807,653,1516
1807,InputReader,,,,middle,229581540,487,1190
15364,cent.tmgp.sgame,15364,,,middle,228987178,474,780
15577,CoreThread,,,,big,212800170,134,254
1988,ndroid.systemui,1988,,,middle,208590371,615,1537
1522,UsfTransport,,,,little,205460727,907,1095
18002,tracepilot,18002,/data/local/tmp/tracepilot,0,little,201753060,266,1089
1021,android.hardwar,,,,little,197157619,907,1097
15871,Thread-57906,,,,little,193613842,855,3905
15534,Job.worker 1,,,,middle,179578480,384,1638
7521,kworker/u16:18,,,,little,174965253,88,360
600,surfaceflinger,600,,,middle,169854159,149,274
15533,Job.worker 0,,,,middle,167770956,450,2159
1965,binder:600_3,600,,,little,160545172,497,1387
1799,SensorService,,,,little,160256460,700,795
649,binder:600_1,600,,,little,156354178,444,1320
549,sugov:4,,,,little,153999609,834,1608
2576,binder:600_5,600,,,little,143684623,436,1207
1209,system_server,1209,,,little,138844483,664,861
539,lmkd,539,,,little,132281873,168,930
29269,Reade2-V2,,,,little,130259625,678,1276
1402,android.ui,,,,middle,129545083,531,1484
15550,mali-cmar-backe,,,,little,123576140,630,1279
15867,cableThread,,,,little,123503317,783,2450
6873,kworker/u16:5,,,,little,119192685,99,385
15800,NativeThread,15364,,,big,111257515,171,217
1225,traced,,,,little,108722333,136,157
15391,binder:15364_3,15364,,,little,106252190,275,393
15996,MethodHandler,,,,little,101014979,704,1246
2285,InputProcessor,,,,middle,100787130,377,1490
15864,pcdn_main,,,,little,99297490,706,1245
15951,Thread-57908,,,,little,90414789,606,648
1982,android.hardwar,,,,middle,89831293,363,1076
638,DisplayHints,,,,little,89571674,907,951
16798,binder:981_5,,,,middle,88874673,497,1446
2041,android.hardwar,,,,little,87915962,454,488
18024,tracepilot,18002,/data/local/tmp/tracepilot,0,little,86715514,86,139
653,HwBinder:602_1,602,,,middle,84962367,127,155
1516,com.google.usf.,,,,little,84594703,838,995
16749,Apollo-Lwip,,,,little,82885301,622,983
2006,classifier_pool,,,,little,79506354,69,224
15573,Thread-72,15364,,,middle,75728755,365,537
150,sched_pmu_wq,,,,little,75591020,899,1566
1020,UsfHalWorker,,,,little,75332603,907,1103
678,app,600,,,middle,73950031,268,318
650,binder:600_2,600,,,little,70426624,211,593
15950,Thread-5285,,,,little,70131450,618,650
15558,GThreadManager,,,,little,70016649,627,653
3879,HwBinder:910_5,,,,little,69765566,194,404
15866,pcdn_udp,,,,little,67798280,712,1258
2285,InputProcessor,,,,big,66179648,341,1404
15377,binder:15364_1,15364,,,little,65316576,170,235
92,kswapd0,,,,middle,65167628,15,45
15533,Job.worker 0,,,,big,64997086,349,1283
18084,kworker/u17:2,18084,kworker/u17:2,0,little,64629455,225,1180
15793,Thread-1987,,,,little,63903256,618,639
14583,kworker/u17:1,14583,kworker/u17:1,0,little,62082451,228,1169
165,eh_comp_thread,,,,little,59208482,36,138
15870,pcdn_dns,,,,little,58103002,728,1294
15869,Thread-57661,,,,little,57853211,717,1283
228,thermal_G3D,,,,little,57493738,208,215
550,sugov:6,,,,little,56466256,462,687
15865,pcdn_resbuffer,,,,little,55234136,690,1240
15868,pcdn_http,,,,little,55166457,692,1237
600,surfaceflinger,600,,,big,55036994,73,137
1982,android.hardwar,,,,big,54568845,320,912
6879,kworker/u16:11,6879,kworker/u16:11,0,middle,54433114,158,439
193,thermal_BIG,,,,little,54054429,294,295
4164,binder:1209_17,,,,middle,53949214,44,105
15807,Thread-57921,,,,little,52838177,7,22
12791,kworker/u17:0,,,,little,51113075,191,1020
1209,system_server,1209,,,middle,49563137,379,457
27230,BG Thread #3,,,,little,48778564,1,22
15521,binder:15364_2,,,,little,48748100,709,727
15534,Job.worker 1,,,,big,48067794,266,744
206,thermal_MID,,,,little,47909545,299,299
382,mali_jd_thread,,,,little,46811324,304,445
15477,kworker/u17:5,,,,little,46334285,185,849
15573,Thread-72,15364,,,big,43592963,320,429
219,thermal_LITTLE,,,,little,43506350,290,291
2105,kworker/3:1,,,,little,43241746,477,961
16749,Apollo-Lwip,,,,middle,43064593,460,747
6879,kworker/u16:11,6879,kworker/u16:11,0,big,42917776,101,285
15556,GThreadProcess,,,,little,42791263,568,889
15807,Thread-57921,,,,big,42239046,12,12
17029,kworker/1:3H,,,,little,42229359,93,393
16304,binder:15364_7,15364,,,little,41832038,116,167
15949,Thread-5286,,,,little,41027187,636,656
15555,Thread-5305,,,,little,40511500,562,852
56,ksoftirqd/5,,,,middle,40391147,366,485
1488,ActivityManager,,,,little,38736674,6,11
29269,Reade2-V2,,,,middle,38190662,369,613
5606,kworker/2:0,,,,little,37830388,386,839
1861,WifiHandlerThre,,,,little,37595570,18,177
16801,AAudio_2,,,,middle,37496084,422,577
1225,traced,,,,middle,35473957,89,99
18081,kworker/0:1H,18081,kworker/0:1H,0,little,34769209,89,329
16632,kworker/5:1,,,,middle,34441081,540,895
15871,Thread-57906,,,,middle,34048316,432,1283
1799,SensorService,,,,middle,33239031,288,296
16743,Thread-57623,,,,middle,32432495,348,612
15904,Thread-5268,,,,middle,31590537,369,547
15861,Thread-57915,,,,little,31013352,638,655
10047,ReferenceQueueD,,,,little,30893454,3,27
1742,binder:1385_2,,,,middle,29719784,101,112
552,logd.writer,,,,little,29498326,93,350
29273,Playe2-V2,,,,little,29483208,337,344
15948,GVoiceUtil,,,,little,29071216,591,614
15426,cent.tmgp.sgame,,,,little,28716570,609,632
15393,RenderThread,,,,little,28369552,358,459
137,perf_mon_update,,,,little,28042835,351,381
2531,android.hardwar,,,,little,27721591,86,343
7521,kworker/u16:18,,,,big,27474660,31,150
7521,kworker/u16:18,,,,middle,26497918,32,292
653,HwBinder:602_1,602,,,big,26462880,57,61
2530,android.hardwar,,,,little,26406369,67,195
12310,kworker/0:2,,,,little,25977284,245,467
17297,GameDumpThread,,,,little,25368461,596,615
5739,kworker/1:0,,,,little,24864357,299,551
1965,binder:600_3,600,,,middle,24836701,237,368
678,app,600,,,big,24610839,157,179
2044,RenderThread,1988,,,middle,24082642,3,214
16305,kworker/2:0H,,,,little,23770174,63,261
15987,GVoiceRender,,,,little,23666904,598,617
18085,kworker/5:1H,18085,kworker/5:1H,0,middle,23639091,84,543
3898,HwBinder:910_6,,,,little,23329833,66,135
15470,kworker/u17:4,,,,little,22358025,61,470
15550,mali-cmar-backe,,,,middle,22251553,529,639
2256,binder:2200_2,,,,little,22201551,62,108
2041,android.hardwar,,,,middle,22175464,211,217
63,ksoftirqd/6,,,,big,22109554,248,319
2717,binder:2214_A,2214,,,little,21998618,98,132
3879,HwBinder:910_5,,,,middle,21769203,109,217
15529,binder:15364_4,15364,,,little,21417696,66,88
14085,lowpool[385],,,,little,21229242,5,136
686,surfaceflinger,,,,little,21226891,485,492
10422,BG Thread #1,,,,little,21144762,2,5
1785,TouchPollingWor,,,,little,21111312,117,306
649,binder:600_1,600,,,middle,20901981,194,319
15531,UnityMain,,,,little,20585590,284,287
2374,binder:1209_B,,,,middle,20022734,37,147
15996,MethodHandler,,,,middle,19882165,245,388
17909,ChromiumNet0,,,,little,19474663,4,46
2084,HeapTaskDaemon,,,,little,19386676,3,100
4164,binder:1209_17,,,,little,19343531,29,79
15391,binder:15364_3,15364,,,middle,19305827,113,135
2041,android.hardwar,,,,big,19275511,247,248
707,BckgrndExec HP,600,,,middle,19187505,226,248
26,migration/1,,,,little,19178441,298,408
6084,kworker/3:1H,6084,kworker/3:1H,0,little,19156775,53,202
15904,Thread-5268,,,,big,19059350,368,494
2374,binder:1209_B,,,,little,18910992,47,74
15641,pandora_video_s,,,,little,18515868,411,415
1861,WifiHandlerThre,,,,middle,18504017,18,103
2576,binder:600_5,600,,,middle,18255887,188,298
15393,RenderThread,,,,middle,18209700,399,547
16883,AITrailThread,,,,middle,18138684,18,27
15867,cableThread,,,,middle,18029201,301,694
681,RegSampIdle,,,,little,17894407,110,198
18024,tracepilot,18002,/data/local/tmp/tracepilot,0,big,17691034,72,80
15801,Thread-11098,,,,middle,17561223,1,18
16433,kworker/4:2H,,,,middle,17371657,84,380
15581,APM-Routine,,,,middle,17045733,20,183
18080,kworker/2:1H,18080,kworker/2:1H,0,little,17000565,31,177
16743,Thread-57623,,,,big,16794886,338,493
15864,pcdn_main,,,,middle,16702860,247,392
15584,APM-TickThread,,,,little,16652615,15,32
17113,kworker/6:0,,,,big,15728440,525,1085
15571,UnityMain,,,,little,15280069,179,180
1523,PowerManagerSer,,,,little,15136942,114,122
15951,Thread-57908,,,,middle,14471804,195,211
15871,Thread-57906,,,,big,14453406,427,860
15377,binder:15364_1,15364,,,middle,14362391,85,103
2084,HeapTaskDaemon,,,,middle,14153592,5,135
17734,vod_st_man,,,,little,14112344,26,47
15378,binder:15364_2,15364,,,little,14103193,38,50
15771,Thread-57924,15364,,,little,13950634,11,98
17319,com.luna.music,,,,little,13697405,20,30
897,statsd.writer,,,,little,13608797,63,102
677,TimerDispatch,600,,,middle,13454178,93,96
16757,1,,,,middle,13216995,32,37
16749,Apollo-Lwip,,,,big,12908413,238,309
555,logd.auditd,,,,little,12807249,23,50
544,lmkd_reaper0,,,,little,12805261,2,11
15863,pcdn_log,,,,little,12517003,242,243
15418,Thread-14,,,,little,12256988,121,123
17480,NPTH-AnrInfoPol,,,,little,12130450,24,47
11420,binder:11388_6,,,,little,11551321,4,79
545,lmkd_reaper1,,,,middle,11544353,1,11
34,ksoftirqd/2,,,,little,11512061,67,123
15541,mali-mem-purge,,,,little,11506346,145,147
15391,binder:15364_3,15364,,,big,11506103,111,134
16061,sgame:estPlugin,,,,little,11500578,17,46
545,lmkd_reaper1,,,,little,11456582,1,14
16826,kworker/4:1,,,,middle,11426901,303,423
15393,RenderThread,,,,big,11354355,343,454
1405,android.display,,,,little,11301315,77,80
649,binder:600_1,600,,,big,11293271,140,214
2891,binder:1209_14,,,,little,11271290,15,27
48,ksoftirqd/4,,,,middle,11270107,129,183
15866,pcdn_udp,,,,middle,11123796,214,347
16802,kworker/7:0,,,,big,11122390,414,947
1289,system_server,,,,little,11100671,69,95
15806,Thread-19284,,,,big,11089048,2,5
16801,AAudio_2,,,,big,10795403,207,250
12154,tron.oc.mrc.rt,,,,little,10794754,3,193
294,decon0_kthread,,,,middle,10786459,95,97
15797,AK::IOThread,,,,little,10736694,9,47
15550,mali-cmar-backe,,,,big,10727051,339,404
15950,Thread-5285,,,,middle,10609942,185,194
41,ksoftirqd/3,,,,little,10607544,68,101
1965,binder:600_3,600,,,big,10603719,154,220
2256,binder:2200_2,,,,middle,10367393,53,98
15868,pcdn_http,,,,middle,10327815,238,399
1051,binder:975_2,,,,little,10315924,13,54
1499,batterystats-ha,,,,little,10301487,76,84
650,binder:600_2,600,,,middle,10121738,92,146
40,migration/3,,,,little,10008630,160,243
1486,android.bg,,,,little,9917680,33,59
937,android.hardwar,,,,little,9839556,6,72
20,migration/0,,,,little,9692909,142,226
16,rcuop/0,,,,little,9597658,11,22
2530,android.hardwar,,,,middle,9417559,50,138
15867,cableThread,,,,big,9410466,310,549
13,ksoftirqd/0,,,,little,9407717,69,115
33,migration/2,,,,little,9264598,142,227
937,android.hardwar,,,,middle,9263098,9,165
15558,GThreadManager,,,,middle,9262985,172,173
18024,tracepilot,18002,/data/local/tmp/tracepilot,0,middle,9131020,23,30
2006,classifier_pool,,,,big,9060348,41,93
15864,pcdn_main,,,,big,9022866,205,276
16994,GPU completion,15364,,,middle,8921932,196,242
18096,kworker/3:0H,18096,kworker/3:0H,0,little,8891800,28,86
15793,Thread-1987,,,,middle,8879972,157,160
18104,kworker/4:4H,18104,kworker/4:4H,0,middle,8857206,31,196
2512,Thread-26,,,,little,8854335,71,115
2717,binder:2214_A,2214,,,middle,8854113,74,78
15865,pcdn_resbuffer,,,,middle,8840669,220,358
29512,GoogleApiHandle,,,,little,8782802,6,40
1488,ActivityManager,,,,middle,8770754,7,25
27,ksoftirqd/1,,,,little,8646613,60,109
22100,[GT]ColdPool#1,,,,little,8626667,2,42
12791,kworker/u17:0,,,,middle,8621775,87,341
15996,MethodHandler,,,,big,8602246,183,231
15869,Thread-57661,,,,middle,8587122,205,324
2576,binder:600_5,600,,,big,8569823,129,163
551,logd.reader,538,,,little,8565269,2,11
1742,binder:1385_2,,,,big,8526309,38,40
18079,logd.reader.per,538,,,little,8502765,3,178
680,RegionSampling,600,,,little,8469725,105,107
18084,kworker/u17:2,18084,kworker/u17:2,0,middle,8436710,102,348
22438,[GT]ColdPool#5,,,,little,8292380,2,50
17407,tea_logger,,,,little,8180017,3,39
899,statsd.reader,,,,little,8144372,55,82
897,statsd.writer,,,,middle,8022300,67,93
15556,GThreadProcess,,,,middle,8021478,220,325
15870,pcdn_dns,,,,middle,7893941,197,313
17909,ChromiumNet0,,,,middle,7825662,7,42
10048,FinalizerDaemon,,,,little,7709918,1,27
16994,GPU completion,15364,,,big,7646782,217,310
15377,binder:15364_1,15364,,,big,7570798,78,88
15555,Thread-5305,,,,middle,7511722,200,296
17734,vod_st_man,,,,middle,7439898,18,39
14583,kworker/u17:1,14583,kworker/u17:1,0,big,7437114,116,433
2531,android.hardwar,,,,middle,7435344,60,167
15381,cent.tmgp.sgame,,,,little,7344533,143,144
22213,mars::22213,,,,little,7336590,2,22
2875,binder:1209_10,,,,middle,7316121,17,44
6873,kworker/u16:5,,,,middle,7293958,30,143
3898,HwBinder:910_6,,,,middle,7258669,37,73
1523,PowerManagerSer,,,,middle,7254920,88,99
18084,kworker/u17:2,18084,kworker/u17:2,0,big,7232656,108,375
15477,kworker/u17:5,,,,middle,7224035,85,195
2891,binder:1209_14,,,,middle,7200850,11,44
16083,sgame:estPlugin,,,,little,7132295,119,120
16304,binder:15364_7,15364,,,middle,7037233,43,52
22368,[GT]TP#Internal,,,,little,7019441,16,50
1551,FileWatcherThre,,,,little,6994540,3,23
1499,batterystats-ha,,,,middle,6974892,94,97
15529,binder:15364_4,15364,,,middle,6957034,41,50
14583,kworker/u17:1,14583,kworker/u17:1,0,middle,6941005,82,314
2006,classifier_pool,,,,middle,6934564,23,42
707,BckgrndExec HP,600,,,big,6705080,137,145
1770,eduling.default,,,,little,6674641,3,7
549,sugov:4,,,,middle,6493250,117,129
15951,Thread-57908,,,,big,6239537,117,120
15477,kworker/u17:5,,,,big,6237903,89,261
543,psimon,,,,little,6208854,139,139
18144,lynx_report_thr,,,,little,6189722,3,36
22065,com.tencent.mm,,,,little,6085345,4,27
15581,APM-Routine,,,,little,6077556,9,34
29263,Playe2-V1,,,,little,5945889,50,52
29273,Playe2-V2,,,,middle,5927218,124,127
70,ksoftirqd/7,,,,big,5894446,71,118
650,binder:600_2,600,,,big,5878500,69,116
28122,WifiScorerServi,,,,little,5851271,8,37
15949,Thread-5286,,,,middle,5821696,166,168
14,rcu_preempt,,,,little,5663989,61,124
17401,RxSchedulerPurg,,,,little,5643958,20,26
15,rcuog/0,,,,little,5548383,50,75
15866,pcdn_udp,,,,big,5461399,186,253
15948,GVoiceUtil,,,,middle,5419518,212,213
16757,1,,,,big,5393517,21,22
27230,BG Thread #3,,,,middle,5329549,1,8
1082,dhd_rpm_state_t,,,,little,5268966,128,129
2875,binder:1209_10,,,,little,5253660,12,20
294,decon0_kthread,,,,big,5250770,51,51
15566,Thread-57578,,,,little,5239514,123,123
14965,NetworkMonitor/,,,,little,5237957,2,17
15793,Thread-1987,,,,big,5229976,141,143
47,migration/4,,,,middle,5101024,134,308
1545,android.hardwar,,,,little,5075235,6,13
899,statsd.reader,,,,middle,5064452,67,89
737,adpf_handler0,,,,little,5061135,47,49
17834,Thread-19,,,,little,4924113,29,38
66,rcuop/6,,,,middle,4877034,7,9
69,migration/7,,,,big,4860589,144,610
15419,TDM-report-2,,,,little,4859619,4,8
971,ChreMsgHandler,,,,little,4828940,3,20
6873,kworker/u16:5,,,,big,4804075,20,47
682,TouchTimer,600,,,little,4790896,67,69
15529,binder:15364_4,15364,,,big,4774866,59,66
3941,kworker/6:0H,,,,big,4722760,58,221
15874,ApolloAsynTasks,,,,little,4696394,117,117
686,surfaceflinger,,,,big,4603595,269,270
28111,StateService,,,,little,4601226,5,30
16061,sgame:estPlugin,,,,middle,4590086,13,26
16000,Thread-5287,,,,little,4524006,1,8
28108,ConnectivityMon,,,,little,4502155,3,31
15426,cent.tmgp.sgame,,,,middle,4474122,177,180
681,RegSampIdle,,,,big,4467169,80,140
12791,kworker/u17:0,,,,big,4464495,80,206
550,sugov:6,,,,middle,4400916,64,71
17297,GameDumpThread,,,,middle,4399064,191,197
424,ueventd,,,,little,4382246,2,23
18106,kworker/3:2H,18106,kworker/3:2H,0,little,4365292,13,63
15861,Thread-57915,,,,middle,4357256,161,166
15771,Thread-57924,15364,,,middle,4353190,7,37
1289,system_server,,,,middle,4249713,59,69
677,TimerDispatch,600,,,big,4225509,40,40
2700,NodeLooperThrea,,,,little,4204299,5,14
17480,NPTH-AnrInfoPol,,,,middle,4136679,13,27
15870,pcdn_dns,,,,big,4126260,201,266
15865,pcdn_resbuffer,,,,big,4118445,193,268
2531,android.hardwar,,,,big,4066645,54,121
15521,binder:15364_2,,,,middle,4047689,126,138
17407,tea_logger,,,,middle,4038737,5,18
15950,Thread-5285,,,,big,4035120,109,110
15987,GVoiceRender,,,,middle,4012445,189,192
15869,Thread-57661,,,,big,4011642,196,255
193,thermal_BIG,,,,middle,4007528,31,31
15773,Thread-1991,,,,little,4003911,1,1
92,kswapd0,,,,little,4001992,9,18
1682,binder:955_1,,,,little,3905306,3,26
2654,PowerStatsServi,,,,little,3902424,1,13
22261,gcd-gc,,,,little,3895065,21,33
51,rcuog/4,,,,little,3875733,44,56
274,simpleinteracti,,,,little,3872635,34,34
1858,NetworkStats,,,,little,3843587,5,12
1051,binder:975_2,,,,middle,3837205,15,42
15868,pcdn_http,,,,big,3810589,189,243
22090,[GT]TP#Internal,,,,little,3801597,18,32
15558,GThreadManager,,,,big,3747721,119,120
16883,AITrailThread,,,,big,3699546,6,12
150,sched_pmu_wq,,,,middle,3679243,141,149
15641,pandora_video_s,,,,middle,3673699,138,139
17519,player_thread_p,,,,little,3670534,3,12
37,rcuop/2,,,,little,3636228,13,16
13065,wpa_supplicant,,,,middle,3625626,7,36
55,migration/5,,,,middle,3604133,116,208
29526,binder:29487_4,,,,little,3573445,4,6
15555,Thread-5305,,,,big,3559038,172,225
746,kworker/7:3H,,,,big,3558312,59,172
686,surfaceflinger,,,,middle,3554677,131,132
17645,csj_io_handler,,,,little,3544108,1,24
1532,UsfTransport,,,,little,3467123,2,32
17319,com.luna.music,,,,middle,3449566,8,15
16304,binder:15364_7,15364,,,big,3434816,38,44
1405,android.display,,,,big,3419920,54,55
549,sugov:4,,,,big,3379396,88,95
73,rcuop/7,,,,little,3369062,3,30
10044,perfetto_hprof_,,,,little,3355998,2,5
24291,binder:28029_C,,,,little,3305134,7,15
15571,UnityMain,,,,middle,3288657,73,73
15470,kworker/u17:4,,,,middle,3276158,36,142
18072,kworker/0:0H,18072,kworker/0:0H,0,little,3259112,12,35
29262,AOutle2-V1,,,,little,3256225,41,41
17466,Thread-4,,,,little,3234783,3,14
62,migration/6,,,,big,3216959,107,404
29263,Playe2-V1,,,,middle,3180912,46,46
219,thermal_LITTLE,,,,middle,3171752,33,33
15949,Thread-5286,,,,big,3166929,115,117
15561,dns-main,15364,,,little,3154908,1,22
1405,android.display,,,,middle,3118730,46,47
2202,MobileDataStats,,,,little,3103731,1,22
1785,TouchPollingWor,,,,middle,3100226,48,82
206,thermal_MID,,,,middle,3059434,33,33
1516,com.google.usf.,,,,middle,3041669,69,69
30,rcuop/1,,,,little,3029093,12,14
15470,kworker/u17:4,,,,big,3012581,33,171
18109,kworker/5:4H,18109,kworker/5:4H,0,middle,2999596,1,69
11407,GoogleApiHandle,,,,little,2982339,4,19
228,thermal_G3D,,,,middle,2947724,12,12
15772,Thread-1983,15364,,,little,2944864,9,15
2685,hbmsv,,,,little,2940919,10,14
17498,bd_tracker_n:84,,,,little,2933593,3,10
15556,GThreadProcess,,,,big,2926835,130,191
44,rcuop/3,,,,middle,2891642,10,17
15771,Thread-57924,15364,,,big,2865355,7,28
681,RegSampIdle,,,,middle,2851889,35,55
28029,roid.apps.scone,,,,little,2849900,3,8
15797,AK::IOThread,,,,middle,2847899,6,9
13065,wpa_supplicant,,,,little,2838704,5,18
1551,FileWatcherThre,,,,big,2813720,2,10
14085,lowpool[385],,,,middle,2804565,3,24
1864,TracingMuxer,,,,little,2786701,1,17
29509,GcaLowPrio,,,,little,2774373,3,4
17500,APM6-LIGHT_WEIG,,,,little,2686441,1,22
10804,binder:915_A,,,,little,2680745,2,18
1083,dhd_logtrace_th,,,,little,2678996,7,14
2234,TelecomMetricsC,,,,little,2635254,2,23
2512,Thread-26,,,,middle,2631270,40,64
540,servicemanager,,,,little,2612183,5,18
17497,npth_profiler,,,,little,2542684,3,4
17443,APM_light-weigh,,,,little,2520711,2,15
17645,csj_io_handler,,,,middle,2459231,1,41
17790,ThreadPoolUtils,,,,little,2448280,2,12
382,mali_jd_thread,,,,middle,2435753,34,36
16792,mna-scheduled-w,15364,,,little,2432901,3,5
16083,sgame:estPlugin,,,,middle,2405316,73,73
44,rcuop/3,,,,little,2401162,10,11
17870,default_npth_th,,,,little,2392618,2,10
16273,kworker/5:6H,16273,kworker/5:6H,0,middle,2352783,22,91
930,binder:891_2,,,,little,2340660,3,15
18166,APM6-IO,,,,little,2330816,2,15
15862,Apollo-CallBack,,,,little,2247441,28,28
15264,IpClient.wlan0,,,,little,2219318,2,11
680,RegionSampling,600,,,middle,2200560,45,50
15378,binder:15364_2,15364,,,middle,2179360,17,20
1274,lhd,,,,little,2163776,14,20
15426,cent.tmgp.sgame,,,,big,2155268,125,127
4647,binder:981_E,,,,little,2137653,4,13
550,sugov:6,,,,big,2129388,60,64
15861,Thread-57915,,,,big,2126323,120,121
29506,GcaGeneric-2,,,,little,2115966,2,4
15418,Thread-14,,,,middle,2110837,37,37
228,thermal_G3D,,,,big,2085530,4,4
2653,binder:975_2,,,,little,2060466,2,2
2044,RenderThread,1988,,,little,2043578,1,17
2771,pixelstats-vend,,,,little,2031129,1,18
18082,kworker/5:0H,18082,kworker/5:0H,0,middle,1992350,5,54
17835,Thread-20,,,,little,1980673,30,30
219,thermal_LITTLE,,,,big,1947877,12,12
15521,binder:15364_2,,,,big,1940598,83,89
15807,Thread-57921,,,,middle,1923340,9,13
11420,binder:11388_6,,,,middle,1913290,5,24
2040,BroadcastRunnin,,,,little,1900431,1,10
15948,GVoiceUtil,,,,big,1885333,110,110
17342,tm_handler_thre,,,,little,1883260,1,7
2865,binder:2757_2,2757,,,little,1878459,1,2
17297,GameDumpThread,,,,big,1859086,131,132
1785,TouchPollingWor,,,,big,1851362,40,67
15472,CThreadBase,,,,little,1839316,12,14
10055,Profile Saver,,,,little,1768189,2,2
15987,GVoiceRender,,,,big,1752197,127,129
2130,binder:2120_1,,,,little,1751995,1,11
17834,Thread-19,,,,middle,1741295,14,17
193,thermal_BIG,,,,big,1731936,13,13
928,netd,,,,little,1728312,1,14
66,rcuop/6,,,,little,1703997,7,14
15902,UnityMain,,,,little,1677255,6,6
1397,atchdog.monitor,,,,little,1668051,2,8
682,TouchTimer,600,,,big,1639562,63,65
937,android.hardwar,,,,big,1617269,8,58
901,iptables-restor,,,,little,1616825,1,34
15918,Thread-5277,,,,little,1610340,3,4
15774,Thread-1983,,,,little,1605672,1,5
13065,wpa_supplicant,,,,big,1557210,9,16
1491,ActivityManager,,,,middle,1554469,3,18
2450,mali-mem-purge,,,,little,1542360,10,11
2530,android.hardwar,,,,big,1492108,19,24
382,mali_jd_thread,,,,big,1485473,31,31
2685,hbmsv,,,,middle,1461023,6,16
29487,id.GoogleCamera,,,,little,1444174,3,6
651,TracingMuxer,,,,little,1438599,8,9
13676,binder:2071_7,,,,little,1421673,1,12
165,eh_comp_thread,,,,middle,1418552,7,13
15571,UnityMain,,,,big,1417846,47,47
165,eh_comp_thread,,,,big,1413164,7,41
1399,android.fg,,,,middle,1409874,4,18
682,TouchTimer,600,,,middle,1398719,25,25
1858,NetworkStats,,,,middle,1383463,5,8
15584,APM-TickThread,,,,middle,1371296,3,3
943,android.hardwar,,,,middle,1359742,1,3
1250,mediaserver,,,,middle,1341634,1,21
17857,tp-io-1242,,,,little,1309366,4,5
15910,LOG-FLUSH,,,,little,1307329,1,11
1491,ActivityManager,,,,little,1302976,2,14
16792,mna-scheduled-w,15364,,,middle,1288321,5,7
14965,NetworkMonitor/,,,,middle,1268921,3,13
891,binder:891_3,891,,,little,1260254,1,13
1051,binder:975_2,,,,big,1250936,9,18
52,rcuop/4,,,,little,1239664,8,10
18105,kworker/u16:1,18105,kworker/u16:1,0,little,1238527,7,18
17497,npth_profiler,,,,middle,1238160,3,3
15378,binder:15364_2,15364,,,big,1224448,15,17
15641,pandora_video_s,,,,big,1221272,68,68
680,RegionSampling,600,,,big,1209267,48,53
15584,APM-TickThread,,,,big,1206421,5,9
16465,Thread-27576,,,,little,1201007,15,15
59,rcuop/5,,,,little,1197835,9,9
206,thermal_MID,,,,big,1179809,8,8
17415,wvcdm::Timer::I,,,,little,1176838,12,12
22349,tencent.mm:push,,,,little,1176311,2,5
15863,pcdn_log,,,,middle,1159914,41,41
17453,npth-worker,,,,little,1157755,5,9
1,init,,,,little,1154785,1,2
17436,RxSingleSchedul,,,,little,1149619,4,6
18144,lynx_report_thr,,,,middle,1144040,3,8
11403,android.bg,,,,little,1098428,1,2
18117,kworker/7:2H,18117,kworker/7:2H,0,big,1079757,1,34
15381,cent.tmgp.sgame,,,,middle,1068926,41,41
15561,dns-main,15364,,,middle,1066813,6,13
1356,android.hardwar,,,,little,1053264,4,10
4631,droid.apps.maps,4631,,,little,1045979,1,2
2497,TimeTick,,,,little,1041992,1,2
1250,mediaserver,,,,little,1041095,1,10
4647,binder:981_E,,,,middle,1037396,4,20
651,TracingMuxer,,,,middle,1032431,9,11
1516,com.google.usf.,,,,big,1030107,33,34
3116,Thread-4,,,,little,1029419,1,7
17819,ChromiumNet,,,,little,1028728,1,5
1800,AlarmManager,,,,middle,986450,1,2
27188,Signal Catcher,,,,little,978637,1,2
27196,HeapTaskDaemon,,,,little,960083,1,2
29262,AOutle2-V1,,,,middle,952270,20,20
15806,Thread-19284,,,,middle,948038,1,2
976,android.hardwar,,,,big,931599,1,4
2026,binder:1988_3,1988,,,middle,919069,2,5
2459,mali-cmar-backe,,,,little,906944,2,7
137,perf_mon_update,,,,middle,892945,20,20
903,netd,,,,big,892449,1,6
17819,ChromiumNet,,,,middle,891194,1,10
15918,Thread-5277,,,,big,886190,7,9
27201,binder:27187_2,,,,little,877116,1,1
15469,OkHttp Connecti,,,,little,872823,3,3
4165,binder:1209_18,,,,little,862345,1,5
15566,Thread-57578,,,,middle,862263,38,38
711,android.hardwar,,,,little,854654,2,5
150,sched_pmu_wq,,,,big,844406,49,49
541,hwservicemanage,,,,little,840861,2,6
15576,1,,,,little,834268,11,11
589,suspend-service,,,,little,834229,3,7
15541,mali-mem-purge,,,,middle,822548,24,24
1495,LowMemThread,,,,middle,819052,22,22
16799,binder:981_5,,,,little,814697,9,9
737,adpf_handler0,,,,big,804973,20,20
15772,Thread-1983,15364,,,middle,802407,2,6
15264,IpClient.wlan0,,,,middle,798585,2,3
1494,ActivityManager,,,,middle,782593,4,7
1251,storaged,,,,little,782104,1,10
5465,Thread-5,,,,little,780095,1,6
18,rcu_exp_gp_kthr,,,,big,767008,2,3
15541,mali-mem-purge,,,,big,762819,32,32
18166,APM6-IO,,,,middle,762817,2,7
15575,1,,,,little,758831,11,11
15918,Thread-5277,,,,middle,758179,6,6
17464,a-turbo-pool-1-,,,,little,758179,3,6
1082,dhd_rpm_state_t,,,,big,754401,56,56
930,binder:891_2,,,,middle,752888,2,7
15531,UnityMain,,,,middle,751630,22,22
23205,binder:22065_6,,,,little,731648,2,2
15874,ApolloAsynTasks,,,,middle,714843,30,30
14771,Thread-8,,,,little,713419,1,6
75,kauditd,,,,little,707846,5,7
1589,TimerThread,,,,little,705199,2,8
737,adpf_handler0,,,,middle,692629,12,12
651,TracingMuxer,,,,big,687501,9,9
1507,bgres-controlle,,,,middle,681804,3,7
15772,Thread-1983,15364,,,big,672444,1,9
10237,HeapTaskDaemon,,,,little,669026,1,2
15618,tgpa_MainHandle,,,,little,667806,3,3
1495,LowMemThread,,,,little,662232,11,11
19174,NetworkService,,,,middle,662111,1,4
22237,matrix_batt,,,,little,661743,1,2
10235,perfetto_hprof_,,,,little,660808,1,2
15418,Thread-14,,,,big,658489,20,20
22387,[GT]ColdPool#2,,,,little,653151,3,4
1399,android.fg,,,,little,652669,2,5
1869,ConnectivitySer,,,,little,651408,1,2
75,kauditd,,,,middle,646768,11,17
11407,GoogleApiHandle,,,,middle,635334,2,6
22183,mars::comm,,,,little,629761,2,5
3113,Thread-3,,,,little,624473,1,6
1237,binder:1237_2,,,,little,616983,3,4
15475,ConscryptStatsL,,,,little,614013,1,1
17466,Thread-4,,,,middle,613973,2,4
2234,TelecomMetricsC,,,,middle,596475,4,5
18100,Dns_120_10276,,,,middle,595133,1,13
59,rcuop/5,,,,middle,593015,6,6
901,iptables-restor,,,,big,575273,1,32
4641,binder:4631_2,,,,little,574707,1,2
15914,mna-bg,,,,little,574503,5,5
16152,ThreadPoolForeg,,,,little,572265,2,5
30,rcuop/1,,,,middle,571779,4,4
18100,Dns_120_10276,,,,little,569946,1,5
274,simpleinteracti,,,,big,569377,2,2
4633,perfetto_hprof_,,,,little,567057,1,1
644,drm-event-liste,,,,little,563193,1,5
2026,binder:1988_3,1988,,,little,562093,1,2
15581,APM-Routine,,,,big,561157,5,5
17498,bd_tracker_n:84,,,,middle,560058,2,4
73,rcuop/7,,,,middle,554717,9,12
10204,port:projection,10204,,,little,554647,1,2
18157,alog_native_wkr,,,,little,541667,1,4
424,ueventd,,,,big,540526,2,14
18092,pool-5-thread-2,2757,,,middle,537110,1,7
421,init,,,,little,520427,1,3
4637,ReferenceQueueD,,,,little,507283,1,1
19174,NetworkService,,,,little,504435,1,2
2865,binder:2757_2,2757,,,middle,497192,1,5
2088,droid.bluetooth,,,,little,496828,1,5
4632,Signal Catcher,,,,little,496500,1,1
22446,binder:22349_3,,,,little,493003,1,3
1912,android.hardwar,,,,little,492921,1,2
10234,Signal Catcher,,,,little,483114,1,2
10242,FinalizerWatchd,,,,little,482422,1,2
15862,Apollo-CallBack,,,,middle,480347,6,7
2609,binder:2088_6,,,,little,477172,1,2
1356,android.hardwar,,,,middle,476725,1,8
51,rcuog/4,,,,middle,475830,15,16
4225,binder:981_6,,,,middle,473511,2,6
1864,TracingMuxer,,,,middle,468750,1,3
17415,wvcdm::Timer::I,,,,middle,468382,7,7
17519,player_thread_p,,,,middle,459269,2,3
37,rcuop/2,,,,middle,456378,6,6
22457,matrix_batt,,,,little,455363,1,1
15863,pcdn_log,,,,big,454795,26,26
15,rcuog/0,,,,middle,451536,11,12
18,rcu_exp_gp_kthr,,,,little,451456,5,9
3016,DefaultDispatch,,,,little,450805,1,3
15381,cent.tmgp.sgame,,,,big,448364,23,23
16185,Thread-14114,,,,little,445882,7,7
2608,binder:2088_5,,,,little,443766,1,2
14,rcu_preempt,,,,middle,442300,20,22
5164,ChromiumNet,,,,little,441366,1,1
2361,binder:1209_9,,,,little,437662,1,3
2155,binder:2133_3,,,,little,436726,1,1
705,f2fs_discard-25,,,,little,435996,5,5
18099,Thread-1983,15364,,,little,418945,1,1
2771,pixelstats-vend,,,,middle,417359,1,8
18065,binder:17319_7,,,,little,416138,1,1
1305,binder:1209_2,,,,little,413290,1,1
16,rcuop/0,,,,middle,411173,3,3
2654,PowerStatsServi,,,,middle,411173,1,2
15419,TDM-report-2,,,,middle,404296,1,3
274,simpleinteracti,,,,middle,402872,5,5
22155,[GT]ColdPool#11,,,,little,401368,2,3
22146,[GT]ColdPool#7,,,,little,400839,2,3
1409,watchdog,,,,little,398762,2,2
544,lmkd_reaper0,,,,middle,392741,1,1
16440,kworker/0:8H,16440,kworker/0:8H,0,little,392048,1,10
542,vndservicemanag,,,,little,385375,4,4
1373,adbd,,,,little,385374,1,4
18094,pool-5-thread-2,2757,,,little,382854,1,1
17835,Thread-20,,,,middle,379395,9,9
1507,bgres-controlle,,,,little,377604,3,4
1860,tworkPolicy.uid,,,,little,376342,1,1
15566,Thread-57578,,,,big,374352,28,28
18111,kworker/7:0H,18111,kworker/7:0H,0,big,373210,1,9
543,psimon,,,,middle,372152,19,19
10046,HeapTaskDaemon,,,,little,370240,2,4
16168,kworker/3:3H,16168,kworker/3:3H,0,little,369752,1,2
19167,Chrome_IOThread,,,,little,367961,1,2
10236,Jit thread pool,,,,little,354533,1,3
27187,.android.dialer,27187,,,little,347900,1,2
22165,[GT]ColdPool#14,,,,little,346883,2,3
22257,default_matrix_,,,,little,343548,5,6
4640,binder:4631_1,,,,little,342325,1,1
1929,binder:589_7,,,,little,337889,2,3
15539,BatchDeleteObje,,,,little,337728,3,4
1873,NsdService,,,,little,334881,1,2
18105,kworker/u16:1,18105,kworker/u16:1,0,big,329223,3,6
15618,tgpa_MainHandle,,,,middle,328329,2,2
4634,ADB-JDWP Connec,,,,little,327514,1,1
32632,binder:981_D,,,,little,322957,1,3
15874,ApolloAsynTasks,,,,big,322267,23,23
533,jbd2/sda1-8,,,,middle,318644,1,5
18112,kworker/7:1H,18112,kworker/7:1H,0,big,317586,1,6
20657,binder:2133_4,,,,middle,313273,1,3
17790,ThreadPoolUtils,,,,middle,311849,1,3
10804,binder:915_A,,,,big,311808,1,5
22139,[GT]ColdPool#6,,,,little,310383,2,2
981,audioserver,,,,middle,307943,1,5
4225,binder:981_6,,,,little,302529,1,3
1274,lhd,,,,big,301717,7,7
1343,adbd,,,,little,301716,1,2
1545,android.hardwar,,,,middle,301351,1,2
1952,shortcut,,,,little,297445,3,4
32632,binder:981_D,,,,middle,296914,1,5
6374,DefaultDispatch,,,,little,296101,1,3
19164,ThreadPoolForeg,,,,middle,295696,2,5
2700,NodeLooperThrea,,,,middle,285930,2,2
1237,binder:1237_2,,,,middle,284547,1,5
15576,1,,,,middle,281372,7,7
17857,tp-io-1242,,,,middle,279134,2,2
22441,[GT]ColdPool#7,,,,little,273804,1,2
1543,binder:589_4,,,,little,265870,2,2
1800,AlarmManager,,,,little,264689,1,2
18073,kworker/u16:0,18073,kworker/u16:0,0,big,264324,2,9
22440,[GT]ColdPool#6,,,,little,256511,1,3
4163,binder:1209_16,,,,little,254964,1,3
16152,ThreadPoolForeg,,,,middle,254028,1,2
22173,[GT]ColdPool#15,,,,little,251465,1,1
5465,Thread-5,,,,middle,246909,1,3
2653,binder:975_2,,,,big,245817,1,1
27207,Blocking Thread,,,,little,243855,1,1
2087,FinalizerWatchd,,,,little,241984,1,1
1514,com.google.usf,,,,little,241658,2,3
22111,[GT]ColdPool#2,,,,little,241171,1,2
22374,[GT]ColdPool#1,,,,little,241048,1,1
14771,Thread-8,,,,middle,240071,1,3
15531,UnityMain,,,,big,239787,11,11
1082,dhd_rpm_state_t,,,,middle,237304,12,12
16160,NetworkService,,,,little,236776,1,1
15910,LOG-FLUSH,,,,middle,234578,1,2
18101,Dns_120_10276,,,,big,234537,1,2
15917,Thread-5278,,,,little,234130,2,2
20388,binder:1237_7,,,,little,232911,2,2
11409,GlobalScheduler,,,,little,231812,1,1
21592,binder:981_9,,,,middle,227295,1,5
16465,Thread-27576,,,,middle,225504,2,2
22126,[GT]ColdPool#5,,,,little,225301,1,1
27197,ReferenceQueueD,,,,little,223023,1,2
894,main,894,,,little,220337,1,2
16469,kworker/2:3H,16469,kworker/2:3H,0,little,219767,1,2
15774,Thread-1983,,,,middle,217936,1,1
22163,[GT]ColdPool#13,,,,little,216878,1,1
17453,npth-worker,,,,middle,215657,3,3
22445,[GT]ColdPool#10,,,,little,215007,1,1
18094,pool-5-thread-2,2757,,,middle,214844,1,2
10257,Profile Saver,,,,little,214559,1,4
566,binder:566_2,,,,little,213501,1,1
22456,[GT]ColdPool#11,,,,little,212199,1,1
1083,dhd_logtrace_th,,,,middle,211792,2,2
1797,binder:1209_5,,,,middle,210124,1,1
583,binder:566_2,,,,middle,204265,1,3
75,kauditd,,,,big,203494,6,10
32512,binder:981_B,,,,middle,203289,1,4
2921,binder:981_5,,,,little,202637,1,2
1811,NetworkWatchlis,,,,little,202189,1,2
19167,Chrome_IOThread,,,,middle,202106,1,3
2873,binder:1209_F,,,,middle,201945,1,1
16186,DefaultDispatch,,,,little,201172,1,1
22405,mars::22405,,,,little,196940,1,1
52,rcuop/4,,,,big,195598,3,3
22464,[GT]ColdPool#14,,,,little,193400,1,1
1083,dhd_logtrace_th,,,,big,191486,3,3
14979,lowpool[391],,,,little,190511,1,1
27229,BG Thread #2,,,,little,189819,1,3
22371,[GT]ColdPool#0,,,,little,189046,1,1
17403,RxCachedWorkerP,,,,little,188762,1,2
27192,perfetto_hprof_,,,,little,187744,1,1
2,kthreadd,2,,,little,186971,1,2
22148,[GT]ColdPool#8,,,,little,186401,1,1
20657,binder:2133_4,,,,little,185588,1,1
17401,RxSchedulerPurg,,,,middle,185059,1,2
930,binder:891_2,,,,big,183961,1,4
22122,[GT]ColdPool#3,,,,little,181925,1,1
22458,[GT]ColdPool#12,,,,little,180257,1,2
1024,binder:981_1,,,,little,180066,1,3
4673,mali-utility-wo,,,,little,179688,1,2
1537,PackageManager,,,,little,177653,1,1
2,kthreadd,2,,,big,176758,2,3
17500,APM6-LIGHT_WEIG,,,,middle,174886,1,3
10267,BG Thread #0,,,,little,174439,1,4
12604,binder:11388_A,,,,little,173910,1,2
4128,DefaultDispatch,,,,little,173462,1,1
16185,Thread-14114,,,,middle,172607,2,2
52,rcuop/4,,,,middle,172566,3,3
1770,eduling.default,,,,middle,172079,3,3
16272,kworker/5:5H,16272,kworker/5:5H,0,middle,171753,2,4
2921,binder:981_5,,,,middle,171713,1,3
22123,[GT]ColdPool#4,,,,little,171590,1,1
17493,AsyncEventManag,,,,little,170712,1,2
15774,Thread-1983,,,,big,169474,1,1
1589,TimerThread,,,,middle,164224,3,5
16155,Chrome_IOThread,,,,middle,163045,1,1
13134,gnp-background-,,,,little,160929,1,2
27198,FinalizerDaemon,,,,little,159952,1,2
1024,binder:981_1,,,,middle,157715,1,3
424,ueventd,,,,middle,157470,1,2
22422,[GT]ColdPool#4,,,,little,155680,1,1
22465,[GT]ColdPool#15,,,,little,154460,1,1
10238,ReferenceQueueD,,,,little,153768,1,2
22094,[GT]ColdPool#0,,,,little,152507,1,1
27195,Jit thread pool,,,,little,152140,1,2
18102,kworker/4:0H,18102,kworker/4:0H,0,middle,150268,1,5
1551,FileWatcherThre,,,,middle,147422,1,4
4663,GmsDynamite,,,,little,146118,1,4
14991,Lite Thread #0,,,,little,145182,1,3
27220,Lite Thread #1,,,,little,144775,1,2
15862,Apollo-CallBack,,,,big,139729,5,5
1887,AudioService,,,,middle,138998,1,2
971,ChreMsgHandler,,,,middle,137736,1,1
22158,[GT]ColdPool#12,,,,little,137451,1,1
1237,binder:1237_2,,,,big,136109,1,2
22444,[GT]ColdPool#9,,,,little,136068,1,1
27210,GoogleApiHandle,,,,little,135173,1,2
18110,kworker/2:4H,18110,kworker/2:4H,0,little,134888,1,7
3011,DefaultDispatch,,,,little,134806,1,1
15902,UnityMain,,,,big,133789,1,1
13015,binder:4631_4,,,,little,133098,1,2
10262,Blocking Thread,,,,little,132935,1,3
27199,FinalizerWatchd,,,,little,131755,1,2
4169,binder:1209_1B,,,,middle,129638,1,1
891,binder:891_3,891,,,big,128906,1,2
2771,pixelstats-vend,,,,big,128092,1,2
13021,gnp-background-,,,,little,127889,1,2
14992,Lite Thread #1,,,,little,127808,1,1
10804,binder:915_A,,,,middle,126709,1,3
18105,kworker/u16:1,18105,kworker/u16:1,0,middle,126302,2,3
15575,1,,,,big,125569,5,5
27194,ADB-JDWP Connec,,,,little,125366,1,1
2007,android.hardwar,,,,little,123657,1,1
3013,DefaultDispatch,,,,little,122477,1,1
1049,binder:975_1,,,,big,122192,1,1
8091,binder:27187_C,,,,little,118327,1,1
12604,binder:11388_A,,,,middle,117065,1,1
10241,FinalizerDaemon,,,,little,115803,1,2
15561,dns-main,15364,,,big,115275,1,3
27222,Lite Thread #3,,,,little,114461,1,1
23848,binder:4631_7,,,,little,111898,1,3
1901,UEventObserver,,,,middle,111369,1,2
14,rcu_preempt,,,,big,110758,7,8
27200,binder:27187_1,,,,little,109578,1,1
22154,[GT]ColdPool#10,,,,little,109090,1,1
8090,binder:27187_B,,,,little,108684,1,1
4689,Sensors,,,,little,108520,1,2
10265,Scheduler Threa,,,,little,107707,1,2
2155,binder:2133_3,,,,middle,107625,1,1
4671,mali-utility-wo,,,,little,107097,1,1
2322,binder:1209_8,,,,middle,107015,1,1
27215,Scheduler Threa,,,,little,106364,1,1
10045,Jit thread pool,,,,little,106323,1,1
27203,Profile Saver,,,,little,105836,1,2
10244,binder:10204_2,,,,little,105387,1,1
1514,com.google.usf,,,,middle,104084,2,3
4680,android.bg,,,,little,103923,1,2
8849,kworker/2:2H,8849,kworker/2:2H,0,little,102498,1,2
10049,FinalizerWatchd,,,,little,102458,2,2
1912,android.hardwar,,,,big,102173,1,2
27221,Lite Thread #2,,,,little,101685,1,1
916,netd,,,,big,101563,1,1
2,kthreadd,2,,,middle,101358,1,2
4698,OneGoogle #0,,,,little,101237,1,2
11398,binder:11388_2,,,,little,100220,1,1
27223,BG Thread #1,,,,little,98837,1,2
16236,kworker/dying,,,,little,95581,1,1
4670,mali-utility-wo,,,,little,95540,1,2
1404,android.io,,,,middle,94157,2,2
583,binder:566_2,,,,little,93262,1,1
66,rcuop/6,,,,big,91105,2,2
13059,DefaultDispatch,,,,little,89478,1,1
27244,GmsDynamite,,,,little,88542,1,2
6823,binder:27187_5,,,,little,88339,1,1
16185,Thread-14114,,,,big,88094,3,3
16151,ThreadPoolServi,,,,little,86385,1,1
15917,Thread-5278,,,,middle,86060,2,2
6853,ConnectivityThr,,,,middle,85938,1,1
2087,FinalizerWatchd,,,,middle,84513,1,1
4694,OfflineManage,,,,little,84025,1,2
2654,PowerStatsServi,,,,big,83210,1,2
44,rcuop/3,,,,big,83008,1,1
12154,tron.oc.mrc.rt,,,,middle,81991,2,2
13018,binder:4631_6,,,,little,79875,1,1
4661,glide-active-re,,,,middle,79223,1,1
15801,Thread-11098,,,,big,79021,1,1
19164,ThreadPoolForeg,,,,little,78328,1,1
6825,binder:27187_7,,,,middle,78003,1,1
1348,GpsdWatchDog,,,,little,76904,1,1
4701,pool-6-thread-1,,,,little,76823,1,1
2481,binder:1988_4,,,,little,75847,1,1
32009,binder:27187_A,,,,little,74910,1,2
30,rcuop/1,,,,big,72957,1,1
18115,kworker/3:6H,18115,kworker/3:6H,0,little,71736,1,3
1404,android.io,,,,little,71411,1,1
18099,Thread-1983,15364,,,middle,71371,3,3
11779,binder:10204_7,,,,little,71208,1,2
4668,mali-mem-purge,,,,little,69947,1,2
15914,mna-bg,,,,middle,68481,1,1
23849,gnp-background-,,,,middle,67383,1,1
51,rcuog/4,,,,big,66407,4,4
10243,binder:10204_1,,,,little,65674,1,1
15472,CThreadBase,,,,big,65591,4,4
10262,Blocking Thread,,,,middle,64372,1,1
20505,InteractionJank,,,,little,64249,1,1
32512,binder:981_B,,,,little,63965,1,1
7791,binder:4631_B,,,,little,63883,1,1
27225,binder:27187_4,,,,little,63517,1,2
1348,GpsdWatchDog,,,,middle,61646,1,1
27247,ThreadPoolForeg,,,,little,59651,1,2
2653,binder:975_2,,,,middle,59570,1,1
137,perf_mon_update,,,,big,59448,3,3
32011,binder:4631_9,,,,little,59367,1,1
31948,binder:4631_8,,,,little,58349,1,2
18085,kworker/5:1H,18085,kworker/5:1H,0,little,57820,1,1
13017,binder:4631_5,,,,little,57536,1,1
18092,pool-5-thread-2,2757,,,little,55990,1,2
18117,kworker/7:2H,18117,kworker/7:2H,0,little,55704,1,1
15469,OkHttp Connecti,,,,middle,54931,1,1
16465,Thread-27576,,,,big,54728,2,2
4682,WM.task-3,,,,little,54362,1,1
17017,binder:27187_D,,,,little,54158,1,1
4635,Jit thread pool,,,,little,54037,1,1
17436,RxSingleSchedul,,,,middle,53793,2,2
27248,ChromiumNet,,,,little,53385,1,2
27228,Lite Thread #0,,,,little,53140,1,2
23849,gnp-background-,,,,little,51514,1,1
21592,binder:981_9,,,,little,51148,1,1
24676,binder:1988_E,,,,little,49276,1,2
4681,WM.task-2,,,,little,49195,1,1
18073,kworker/u16:0,18073,kworker/u16:0,0,middle,48299,1,1
27245,CronetInit,,,,middle,47812,1,2
4639,FinalizerWatchd,,,,little,47608,1,1
1952,shortcut,,,,middle,47485,1,1
18,rcu_exp_gp_kthr,,,,middle,47201,2,2
1719,PackageInstalle,,,,middle,47200,1,1
7790,binder:4631_A,,,,little,47037,1,1
13018,binder:4631_6,,,,middle,46957,1,1
14581,kworker/dying,,,,little,46549,1,1
4700,gnp-background-,,,,middle,46020,1,1
4658,Scheduler,,,,little,45573,1,1
4644,Blocking Thread,,,,little,44800,1,1
4648,GoogleApiHandle,,,,middle,43701,1,1
543,psimon,,,,big,43415,2,2
4690,NavInternal,,,,middle,43254,1,1
10424,binder:10204_4,,,,little,43131,1,1
2459,mali-cmar-backe,,,,middle,42806,2,2
15173,kworker/7:4H,15173,kworker/7:4H,0,big,42602,1,2
4638,FinalizerDaemon,,,,little,42033,1,1
18388,binder:10204_9,,,,little,41992,1,1
17030,binder:10204_A,,,,little,41504,1,1
4683,WM.task-4,,,,little,41382,1,1
4636,HeapTaskDaemon,,,,little,41219,1,1
4700,gnp-background-,,,,little,40406,1,1
4643,Profile Saver,,,,little,39998,1,1
10425,binder:10204_5,,,,little,38818,1,1
11456,binder:11388_7,,,,little,38737,1,1
13017,binder:4631_5,,,,middle,38412,1,1
27226,AsyncQueryWorke,,,,little,38127,1,2
4695,ProtoDataStore-,,,,little,38045,1,1
27224,Lite Thread #4,,,,little,37801,1,2
17,rcub/0,,,,middle,37272,1,2
11780,binder:10204_8,,,,little,37272,1,1
1433,rild_exynos,,,,big,37150,1,1
27249,ThreadPoolForeg,,,,little,37028,1,1
4642,binder:4631_3,,,,little,36703,1,1
10285,GoogleApiHandle,,,,little,36621,1,1
330,kworker/dying,,,,little,36255,1,1
27202,binder:27187_3,,,,little,36093,1,1
11418,binder:11388_4,,,,little,36051,1,1
10263,binder:10204_3,,,,little,35767,1,1
4676,mali-utility-wo,,,,middle,34749,1,1
4660,ProcessStablePh,,,,little,34505,1,1
4648,GoogleApiHandle,,,,little,33651,1,1
15575,1,,,,middle,33244,1,1
22442,[GT]ColdPool#8,,,,little,33040,1,1
4679,WM.task-1,,,,middle,32959,1,1
20712,kworker/dying,,,,little,32878,1,1
7792,binder:4631_C,,,,little,31738,1,1
17015,binder:4631_D,,,,little,30518,1,1
1348,GpsdWatchDog,,,,big,29785,1,1
17061,binder:27187_E,,,,little,29216,1,1
18089,kworker/5:2,18089,kworker/5:2,0,middle,29012,1,2
4677,mali-cmar-backe,,,,little,27466,1,1
27218,Lite Thread #0,,,,little,27385,1,1
27212,BG Thread #0,,,,little,26530,1,1
1356,android.hardwar,,,,big,24699,1,1
10424,binder:10204_4,,,,middle,24658,1,1
4690,NavInternal,,,,little,24251,1,1
15914,mna-bg,,,,big,23560,1,1
14974,binder:10204_6,,,,middle,23478,1,1
4272,binder:1209_1C,,,,little,23112,1,1
4674,mali-utility-wo,,,,middle,21972,1,1
27250,ThreadPoolForeg,,,,little,21688,1,1
27252,Network File Th,,,,middle,21525,1,1
928,netd,,,,big,20874,1,1
976,android.hardwar,,,,middle,20141,1,1
27251,ThreadPoolForeg,,,,middle,19898,1,1
6824,binder:27187_6,,,,middle,19775,1,1
27246,ThreadPoolServi,,,,middle,19490,1,1
14974,binder:10204_6,,,,little,19450,1,1
11780,binder:10204_8,,,,middle,19043,1,1
27246,ThreadPoolServi,,,,little,18636,1,1
4660,ProcessStablePh,,,,middle,18432,1,1
4277,binder:1209_1F,,,,little,18025,1,1
4166,binder:1209_19,,,,middle,17741,1,1
4667,queued-work-loo,,,,middle,17619,1,1
27250,ThreadPoolForeg,,,,middle,17415,1,1
4669,mali-utility-wo,,,,middle,17253,1,1
4675,mali-utility-wo,,,,middle,17253,1,1
4695,ProtoDataStore-,,,,middle,17212,1,1
4662,ConnectivityThr,,,,middle,17171,1,1
4273,binder:1209_1D,,,,little,17090,1,1
2045,binder:1209_6,,,,little,16846,1,1
27249,ThreadPoolForeg,,,,middle,16805,1,1
4672,mali-utility-wo,,,,middle,16561,1,1
4661,glide-active[633.912] _processor_shell.cc:678 Query execution time: 45646 ms-re,,,,little,16194,1,1
10425,binder:10204_5,,,,middle,15910,1,1
31945,binder:27187_9,,,,little,15259,1,1
7792,binder:4631_C,,,,middle,15137,1,1
18099,Thread-1983,15364,,,big,14974,1,1
4701,pool-6-thread-1,,,,middle,14852,1,1
6898,Lite Thread #5,,,,middle,14730,1,1
27251,ThreadPoolForeg,,,,little,14729,1,1
4658,Scheduler,,,,middle,14608,1,1
1721,binder:1209_4,,,,little,14445,1,1
4677,mali-cmar-backe,,,,middle,14323,1,1
17015,binder:4631_D,,,,middle,14282,1,1
6989,queued-work-loo,,,,little,14201,1,1
27252,Network File Th,,,,little,14201,1,1
6826,binder:27187_8,,,,little,14161,1,1
4279,binder:1209_20,,,,middle,14160,1,1
6825,binder:27187_7,,,,little,14160,1,1
6824,binder:27187_6,,,,little,14038,1,1
6853,ConnectivityThr,,,,little,13916,1,1
31945,binder:27187_9,,,,middle,13875,1,1
6904,DG,,,,little,13835,1,1
2886,binder:1209_11,,,,middle,13713,1,1
1303,binder:1209_1,,,,middle,13631,1,1
6898,Lite Thread #5,,,,little,13549,1,1
4683,WM.task-4,,,,middle,12736,1,1
6904,DG,,,,middle,12695,1,1
6989,queued-work-loo,,,,middle,11882,1,1
18087,kworker/7:1,18087,kworker/7:1,0,big,11596,2,3
2890,binder:1209_13,,,,middle,10294,1,1
12576,binder:11388_9,,,,middle,8871,1,1
6826,binder:27187_8,,,,middle,8463,1,1
11419,binder:11388_5,,,,middle,8016,1,1
2507,binder:1209_C,,,,middle,7243,1,1
